,score_sum
1216,4.0
729,0.0
9029,10.0
8451,99.0
380,0.0
86,10.0
5135,98.0
10657,0.0
343,98.0
9125,96.0
4064,99.0
1749,98.0
2245,9.0
4255,0.0
9715,93.0
3700,6.0
10013,15.0
10088,0.0
7309,0.0
385,0.0
2193,99.0
7764,4.0
6165,94.0
6765,8.0
7587,3.0
8525,4.0
3440,0.0
6318,4.0
2624,91.0
3682,100.0
4135,0.0
2224,10.0
1454,0.0
5070,94.0
2819,95.0
3074,99.0
4352,0.0
8270,95.0
5993,0.0
4692,95.0
8714,0.0
4478,98.0
5035,6.0
9021,10.0
3874,88.0
8592,5.0
7680,0.0
3901,98.0
5745,10.0
2056,14.0
5626,0.0
2357,0.0
10584,7.0
6046,91.0
8399,0.0
2768,10.0
9994,0.0
3582,8.0
4149,0.0
7069,1.0
8426,0.0
7477,4.0
2670,96.0
2820,99.0
4203,0.0
7507,0.0
3208,0.0
5973,8.0
3890,10.0
6085,97.0
2076,2.0
8380,12.0
1792,0.0
6905,0.0
8066,4.0
7351,6.0
6677,95.0
10473,99.0
2476,88.0
8411,98.0
9002,100.0
1425,16.0
9814,94.0
7314,0.0
2447,0.0
9183,10.0
6970,87.0
7061,0.0
636,93.0
2761,96.0
2829,2.0
4848,0.0
1423,24.0
9678,100.0
8959,0.0
9924,4.0
8400,95.0
10688,0.0
490,12.0
9663,8.0
5889,16.0
2272,95.0
8519,4.0
264,0.0
5454,97.0
9655,0.0
4002,98.0
2787,94.0
772,89.0
2003,98.0
9478,98.0
7355,99.0
9396,0.0
9241,90.0
4698,95.0
9075,95.0
8589,6.0
8137,0.0
9879,0.0
9788,0.0
3000,0.0
7128,94.0
2432,97.0
5475,0.0
4154,0.0
6324,98.0
7536,0.0
9459,0.0
7003,99.0
1428,12.0
5953,4.0
6718,98.0
9398,99.0
457,8.0
3481,91.0
1921,10.0
10075,97.0
7746,0.0
10955,6.0
5812,95.0
8281,99.0
10892,12.0
8947,0.0
3581,6.0
4106,7.0
9383,0.0
2251,93.0
4529,38.0
7277,0.0
5543,2.0
6917,0.0
3345,92.0
7348,6.0
5014,93.0
10338,0.0
6317,96.0
1248,0.0
1645,94.0
1211,5.0
9852,0.0
4750,82.0
7086,3.0
1354,0.0
4297,2.0
3460,95.0
2732,95.0
4351,0.0
8213,28.0
9263,99.0
7592,6.0
5843,96.0
8127,94.0
9634,99.0
5654,6.0
3091,4.0
2702,8.0
9513,0.0
3084,21.0
2614,0.0
3421,0.0
509,0.0
7490,0.0
2037,0.0
49,4.0
4882,99.0
8878,96.0
9277,2.0
9253,95.0
2891,93.0
10760,6.0
8924,16.0
9876,0.0
2186,2.0
7959,8.0
6296,6.0
238,6.0
180,0.0
4092,8.0
7391,100.0
38,94.0
7085,98.0
2135,0.0
2755,12.0
2579,0.0
65,0.0
6084,99.0
1667,0.0
314,98.0
4689,2.0
10694,0.0
3040,98.0
5298,0.0
1798,0.0
10658,0.0
1537,5.0
6460,96.0
4305,0.0
4251,0.0
8228,100.0
3312,0.0
10393,0.0
5179,12.0
8781,0.0
5976,0.0
4609,97.0
423,96.0
5323,0.0
9504,97.0
5462,0.0
668,0.0
6924,6.0
761,4.0
7095,2.0
2030,4.0
5031,97.0
5693,0.0
4758,32.0
10051,4.0
8973,0.0
510,4.0
4146,0.0
6262,99.0
8202,8.0
6395,0.0
9614,98.0
4411,2.0
1359,14.0
896,8.0
7550,97.0
9479,90.0
7282,0.0
3539,8.0
10284,98.0
8050,0.0
8102,95.0
10191,0.0
3674,98.0
8181,89.0
9873,0.0
10546,0.0
3271,98.0
1820,4.0
9184,4.0
8526,6.0
10094,12.0
8840,98.0
9067,97.0
6309,97.0
5497,8.0
3278,2.0
10389,8.0
7858,100.0
9349,0.0
1125,89.0
10063,97.0
9610,98.0
9657,4.0
10396,97.0
879,97.0
8491,0.0
1124,92.0
1375,98.0
4850,99.0
6681,3.0
8481,0.0
10606,0.0
2358,0.0
1470,4.0
5586,6.0
1945,8.0
7031,0.0
8104,10.0
144,0.0
4077,2.0
7584,2.0
2653,4.0
6840,95.0
3849,97.0
1283,100.0
1196,0.0
7066,0.0
6240,4.0
1286,0.0
6231,12.0
7401,3.0
381,0.0
8497,10.0
6866,99.0
6672,95.0
4992,0.0
8856,91.0
10879,4.0
3595,92.0
2435,96.0
1805,8.0
9936,0.0
9797,98.0
8100,99.0
739,6.0
175,97.0
9240,95.0
9957,0.0
5123,95.0
8469,92.0
7312,0.0
1825,98.0
4824,0.0
398,0.0
4171,98.0
2269,0.0
2827,85.0
9278,0.0
9033,94.0
5227,0.0
6132,93.0
9017,8.0
5256,0.0
2202,92.0
7225,0.0
1832,4.0
6964,3.0
8601,0.0
1282,12.0
8354,96.0
8921,95.0
7091,98.0
2818,96.0
6720,10.0
5125,90.0
4646,0.0
6054,4.0
8879,98.0
6586,100.0
5458,93.0
1258,0.0
7546,7.0
3815,96.0
5359,0.0
3224,2.0
3642,99.0
7640,0.0
6112,2.0
5096,95.0
2338,100.0
6409,0.0
5808,98.0
10404,0.0
3755,0.0
7664,2.0
4735,96.0
1167,100.0
4449,97.0
9785,94.0
10533,0.0
5119,7.0
9057,0.0
2760,2.0
10738,2.0
313,99.0
6572,0.0
9584,97.0
3888,8.0
5367,97.0
7716,0.0
628,2.0
2190,10.0
3173,4.0
7491,0.0
7302,0.0
4414,2.0
832,91.0
305,98.0
2396,0.0
8962,0.0
9081,3.0
5460,0.0
282,97.0
7196,5.0
8385,96.0
5848,0.0
5425,17.0
3973,91.0
10474,98.0
4341,4.0
9703,95.0
2280,90.0
7728,4.0
10277,97.0
1333,6.0
5046,95.0
9462,100.0
4726,0.0
5149,18.0
1457,16.0
10685,99.0
2618,0.0
255,0.0
3999,97.0
10298,7.0
318,93.0
2454,0.0
10527,0.0
4071,88.0
3546,98.0
4773,14.0
4580,7.0
1885,0.0
2163,0.0
6504,0.0
1066,6.0
3351,97.0
9603,90.0
4256,8.0
1426,98.0
9097,99.0
10571,0.0
3931,0.0
1190,20.0
9249,10.0
389,0.0
8002,4.0
10182,0.0
4644,0.0
10811,100.0
4793,6.0
3897,100.0
4577,12.0
10624,0.0
4935,97.0
7045,0.0
1418,96.0
104,0.0
9837,14.0
2870,93.0
5609,14.0
6068,97.0
394,0.0
2963,0.0
4872,0.0
10555,0.0
6237,0.0
6356,0.0
1595,98.0
8345,96.0
9003,0.0
3475,97.0
159,0.0
3382,0.0
2102,8.0
217,97.0
9153,0.0
7154,99.0
2933,28.0
9840,22.0
5772,10.0
8597,4.0
2294,6.0
10135,8.0
6995,32.0
5269,0.0
4028,8.0
7454,0.0
7396,6.0
7564,14.0
5935,0.0
748,96.0
9970,0.0
7622,0.0
3653,0.0
9046,7.0
10476,1.0
5407,95.0
3649,99.0
9040,22.0
7379,4.0
9640,98.0
395,0.0
8198,96.0
976,0.0
6194,99.0
1018,97.0
2609,0.0
5713,14.0
3710,13.0
2376,99.0
3987,9.0
2640,97.0
2428,98.0
5506,4.0
8723,0.0
5144,94.0
6004,0.0
8917,97.0
1769,0.0
9301,94.0
7092,6.0
10444,6.0
527,0.0
4861,6.0
2045,0.0
7853,4.0
1833,1.0
1688,0.0
601,97.0
3001,0.0
3813,16.0
3663,99.0
4312,0.0
4540,10.0
7901,98.0
8105,95.0
6380,4.0
8730,99.0
186,10.0
5499,96.0
6501,0.0
9987,3.0
10087,10.0
1734,90.0
4960,14.0
342,0.0
3991,96.0
8342,95.0
7305,0.0
864,0.0
10601,100.0
436,0.0
5683,0.0
6890,96.0
4660,0.0
3506,72.0
9289,99.0
2922,6.0
1639,94.0
9632,22.0
4808,0.0
6789,94.0
2147,0.0
1625,4.0
7675,0.0
6426,94.0
9922,1.0
9420,14.0
377,0.0
10906,99.0
357,5.0
6894,97.0
8880,98.0
5272,0.0
6489,0.0
7524,0.0
2055,0.0
7745,0.0
10605,93.0
4590,0.0
10146,9.0
8234,94.0
2775,96.0
6656,0.0
2707,16.0
9299,97.0
4679,0.0
988,0.0
8964,0.0
3154,0.0
2571,96.0
826,24.0
8757,97.0
6042,96.0
10610,100.0
7882,98.0
2968,95.0
1918,98.0
7591,97.0
8335,12.0
5722,16.0
9344,2.0
2667,98.0
9966,6.0
5161,2.0
1715,0.0
2077,0.0
6887,24.0
2443,0.0
5229,0.0
868,4.0
148,0.0
9138,96.0
7816,95.0
6735,8.0
2060,0.0
4485,100.0
10221,94.0
3022,0.0
1956,2.0
1117,94.0
9948,4.0
2407,0.0
3193,8.0
10895,14.0
3346,94.0
2798,98.0
9060,20.0
10009,11.0
5207,0.0
8388,0.0
7080,10.0
8349,96.0
6193,96.0
4674,0.0
1932,98.0
6322,85.0
8152,95.0
5832,97.0
5582,97.0
9582,98.0
865,96.0
4913,96.0
9452,97.0
5140,14.0
8619,0.0
9339,98.0
3238,0.0
5429,4.0
4870,98.0
4944,91.0
9704,4.0
1716,0.0
4501,99.0
7118,16.0
6071,6.0
4550,5.0
9597,92.0
5640,4.0
6876,98.0
5364,93.0
4266,16.0
6062,96.0
4566,0.0
3261,0.0
4366,0.0
3399,99.0
2500,0.0
4955,93.0
2520,8.0
5706,0.0
6935,91.0
7820,97.0
7030,0.0
1572,0.0
1224,2.0
545,95.0
644,4.0
9974,98.0
9229,8.0
1691,0.0
4762,95.0
5592,3.0
867,8.0
9604,96.0
5801,0.0
9223,95.0
788,10.0
2049,2.0
3033,9.0
3934,0.0
5026,8.0
9035,14.0
348,4.0
6706,6.0
8877,0.0
4368,0.0
6712,95.0
5618,0.0
5610,0.0
6564,98.0
7638,0.0
9919,4.0
2589,0.0
7050,0.0
10495,0.0
9561,94.0
3584,8.0
822,98.0
10851,0.0
7496,0.0
6873,97.0
5339,97.0
6760,98.0
4733,97.0
1711,0.0
1987,0.0
3559,8.0
6234,0.0
6523,0.0
1038,98.0
10523,4.0
7041,0.0
5925,0.0
6158,4.0
2679,18.0
8887,16.0
9568,93.0
3922,0.0
10804,4.0
5958,100.0
5092,95.0
2449,0.0
5440,99.0
1775,0.0
3132,4.0
10355,0.0
5399,97.0
2572,99.0
9615,2.0
1087,4.0
9685,99.0
2098,90.0
8576,96.0
792,98.0
497,4.0
5940,10.0
1958,3.0
230,10.0
1463,10.0
5353,89.0
8114,98.0
3776,94.0
9738,0.0
1004,94.0
8315,0.0
9907,0.0
10689,0.0
6308,96.0
3057,6.0
6821,98.0
8225,90.0
6290,2.0
1363,4.0
8489,0.0
7512,0.0
9013,0.0
10952,0.0
4348,0.0
5243,6.0
441,8.0
5108,99.0
3115,2.0
5717,91.0
945,10.0
2550,91.0
473,0.0
3865,97.0
2784,98.0
3911,4.0
4393,98.0
10472,14.0
4961,4.0
2531,16.0
3706,94.0
634,3.0
4344,0.0
5342,2.0
1756,0.0
757,34.0
10325,98.0
4598,97.0
2953,12.0
1662,0.0
9088,94.0
9537,93.0
744,0.0
6424,98.0
1816,0.0
7443,0.0
8546,12.0
6459,26.0
1045,4.0
9388,0.0
3330,93.0
6172,0.0
7193,2.0
1889,0.0
7437,0.0
1064,1.0
9325,6.0
9010,16.0
4447,0.0
5651,2.0
1113,97.0
2444,0.0
2481,16.0
2516,94.0
8496,12.0
5932,0.0
9689,85.0
8957,0.0
6466,0.0
6249,94.0
6604,0.0
4763,98.0
2992,0.0
2502,97.0
980,0.0
421,95.0
157,0.0
3133,0.0
3201,0.0
10187,0.0
1128,100.0
5922,0.0
6190,22.0
5845,16.0
4776,10.0
2238,30.0
7844,94.0
408,8.0
4325,0.0
322,98.0
3300,4.0
6282,100.0
4087,4.0
8244,96.0
1539,0.0
7169,8.0
4391,0.0
3920,0.0
6555,94.0
5590,0.0
5634,98.0
4116,0.0
5422,12.0
2552,98.0
1915,95.0
6306,11.0
5405,94.0
2279,2.0
10461,5.0
2138,0.0
6888,4.0
1548,0.0
2771,98.0
10394,0.0
10267,99.0
10374,4.0
4832,0.0
6910,14.0
7833,95.0
3929,0.0
10763,2.0
4627,8.0
6753,11.0
4438,6.0
8381,4.0
9545,4.0
3067,2.0
4645,0.0
1676,0.0
10839,0.0
1834,19.0
9149,14.0
3377,99.0
4167,2.0
284,99.0
1014,12.0
4930,93.0
1389,99.0
275,97.0
7586,2.0
7508,0.0
8513,2.0
485,19.0
6936,97.0
6388,94.0
163,0.0
7708,4.0
4030,8.0
7353,5.0
7644,2.0
1797,0.0
8118,0.0
8316,96.0
7324,0.0
10314,98.0
9811,97.0
1035,4.0
5874,6.0
7836,6.0
4337,0.0
2665,10.0
9541,92.0
8586,93.0
7614,0.0
1458,100.0
2266,0.0
1526,97.0
1838,14.0
8358,98.0
4016,8.0
5212,0.0
3087,93.0
2127,90.0
5689,0.0
1365,4.0
1692,0.0
1337,10.0
5890,18.0
8772,0.0
7253,38.0
9862,0.0
2424,90.0
6907,22.0
2162,0.0
2910,2.0
10798,14.0
7326,0.0
6376,93.0
10672,0.0
2179,93.0
7571,98.0
6544,2.0
4983,0.0
3342,98.0
20,6.0
7863,0.0
9456,100.0
3280,8.0
10912,0.0
4076,96.0
2736,10.0
4248,7.0
10630,0.0
7658,100.0
9451,99.0
4775,8.0
4072,12.0
2105,94.0
4806,0.0
9771,99.0
6851,97.0
2857,0.0
622,0.0
2916,13.0
9609,94.0
6264,3.0
4593,99.0
7489,0.0
9863,0.0
7042,0.0
9011,99.0
9084,4.0
5438,99.0
3614,2.0
10323,97.0
4023,3.0
10665,0.0
10815,100.0
5177,4.0
9849,0.0
10578,0.0
8722,0.0
6793,16.0
7855,0.0
10524,6.0
6979,95.0
4394,0.0
8375,4.0
6435,97.0
7877,0.0
8581,98.0
8894,4.0
2578,0.0
7029,0.0
5740,0.0
5983,12.0
9618,96.0
9555,0.0
6220,94.0
809,12.0
6465,4.0
845,8.0
1304,95.0
734,22.0
7804,97.0
4678,0.0
10934,0.0
1151,95.0
7187,4.0
7007,4.0
5374,93.0
4843,0.0
544,99.0
5934,0.0
1647,7.0
6860,10.0
465,93.0
4375,0.0
4018,90.0
6847,92.0
9735,0.0
3658,98.0
1503,97.0
9159,4.0
7857,96.0
4526,94.0
4491,96.0
3753,0.0
7989,6.0
3975,98.0
4742,96.0
9878,0.0
9474,100.0
9665,0.0
8655,0.0
526,0.0
10452,2.0
7860,98.0
9407,10.0
4373,0.0
3448,4.0
8768,1.0
8705,6.0
10712,0.0
7135,95.0
7052,0.0
9890,0.0
4476,4.0
4753,6.0
312,14.0
4156,0.0
4838,0.0
4943,0.0
9925,12.0
843,12.0
10031,97.0
1940,98.0
8201,22.0
2285,90.0
10421,0.0
10269,96.0
1590,98.0
5580,0.0
327,12.0
3374,99.0
464,4.0
1723,0.0
5202,0.0
5980,4.0
9385,0.0
9443,97.0
9651,2.0
7000,97.0
6582,22.0
10808,6.0
10339,0.0
2437,0.0
3717,97.0
10388,0.0
5136,91.0
1142,93.0
846,12.0
9273,0.0
10836,0.0
5726,0.0
915,4.0
152,0.0
10443,17.0
615,99.0
2292,0.0
2096,99.0
6852,98.0
4070,99.0
476,96.0
10003,93.0
4728,0.0
213,96.0
7307,0.0
9287,90.0
4429,95.0
4517,98.0
3210,14.0
6497,0.0
1415,98.0
10747,2.0
8226,95.0
8869,6.0
797,95.0
726,0.0
1020,91.0
6157,95.0
3152,0.0
3993,93.0
8794,100.0
7948,99.0
3698,98.0
173,0.0
7094,93.0
1813,2.0
7909,0.0
3640,8.0
7152,99.0
10748,96.0
7771,98.0
3101,6.0
7824,97.0
1491,0.0
22,2.0
9192,88.0
9616,0.0
4496,96.0
897,95.0
4489,14.0
4907,12.0
5208,0.0
10320,2.0
7480,98.0
10577,9.0
10164,0.0
1169,97.0
8698,98.0
6833,96.0
6284,6.0
6575,99.0
9444,97.0
5520,2.0
5222,0.0
10066,5.0
2365,8.0
3381,4.0
5661,87.0
3070,100.0
10603,4.0
9217,100.0
990,0.0
9744,0.0
9892,0.0
7478,2.0
10850,8.0
1634,40.0
3745,98.0
7754,0.0
4408,2.0
5370,2.0
5929,4.0
10301,8.0
7425,0.0
5113,92.0
9804,4.0
6034,0.0
1574,0.0
7294,0.0
462,99.0
10307,93.0
6055,0.0
1905,0.0
10046,2.0
5056,93.0
838,95.0
287,6.0
6288,100.0
10400,0.0
643,0.0
5588,3.0
153,0.0
5748,4.0
4198,0.0
9129,98.0
215,93.0
7657,4.0
4677,0.0
909,97.0
8516,0.0
642,4.0
4130,0.0
8061,85.0
5607,98.0
4921,95.0
2551,12.0
3759,0.0
5032,5.0
3185,10.0
1917,15.0
3558,4.0
1790,0.0
7850,8.0
8454,3.0
6420,0.0
4568,5.0
9400,6.0
9802,96.0
7890,4.0
1372,12.0
9883,0.0
7876,0.0
2089,2.0
3262,0.0
5176,0.0
3066,10.0
7726,5.0
4215,0.0
3955,0.0
277,94.0
8231,97.0
5670,0.0
319,94.0
5511,0.0
710,96.0
7951,95.0
6361,14.0
1996,12.0
7288,0.0
2540,0.0
8969,0.0
8329,98.0
2822,0.0
10772,0.0
4035,22.0
795,93.0
5259,0.0
8134,97.0
8185,99.0
8304,0.0
295,98.0
5276,0.0
1204,0.0
10883,10.0
9176,95.0
4603,4.0
10166,0.0
4614,0.0
3298,98.0
638,3.0
8644,0.0
9730,0.0
5998,0.0
9449,5.0
1260,0.0
2151,0.0
2399,0.0
3760,95.0
187,10.0
2748,4.0
3748,0.0
2254,8.0
4019,98.0
8704,4.0
10048,94.0
8801,96.0
963,0.0
10356,96.0
5647,0.0
6711,95.0
1480,5.0
883,92.0
2112,6.0
3862,0.0
3828,98.0
6540,0.0
1653,95.0
3981,91.0
8116,96.0
8047,0.0
8162,98.0
7576,23.0
10648,0.0
7643,0.0
2564,98.0
7553,0.0
812,4.0
2546,97.0
1941,97.0
3827,97.0
4780,100.0
7062,0.0
1091,8.0
3035,6.0
6156,98.0
3051,1.0
2230,8.0
2917,0.0
1751,7.0
7032,0.0
7903,99.0
3321,8.0
7226,10.0
9772,95.0
5507,6.0
3434,0.0
5797,90.0
5386,95.0
6453,0.0
7615,0.0
2111,20.0
8951,0.0
5188,0.0
5880,10.0
2413,0.0
5767,0.0
676,0.0
4137,0.0
2382,97.0
10248,97.0
7221,4.0
5045,12.0
2934,4.0
2215,24.0
1570,0.0
5924,8.0
10693,0.0
3344,99.0
6147,0.0
3511,95.0
3030,0.0
2930,6.0
72,2.0
4599,96.0
1544,0.0
6796,98.0
1855,99.0
2218,8.0
361,2.0
549,97.0
2632,94.0
8903,4.0
1922,6.0
2197,95.0
3976,91.0
7361,0.0
7917,20.0
4376,0.0
9256,0.0
2873,95.0
4284,98.0
7966,96.0
6757,97.0
4895,4.0
4772,96.0
1581,0.0
10007,97.0
4891,98.0
5234,0.0
4853,6.0
866,96.0
6662,0.0
2295,4.0
8028,0.0
4629,0.0
873,16.0
5236,0.0
1143,92.0
3727,97.0
3807,4.0
8797,0.0
3988,99.0
8297,94.0
156,0.0
10262,97.0
2770,99.0
2950,97.0
8395,96.0
10225,6.0
3783,97.0
8691,4.0
8109,10.0
8168,0.0
4153,0.0
6609,97.0
3182,6.0
7059,0.0
5041,98.0
2150,0.0
3466,94.0
4259,0.0
5669,2.0
8284,98.0
10880,0.0
10252,95.0
6776,10.0
1514,94.0
1316,8.0
1250,0.0
6334,94.0
2506,0.0
5630,0.0
4217,0.0
5465,0.0
6872,97.0
6304,4.0
9687,12.0
5970,0.0
9438,92.0
9981,8.0
8673,2.0
698,0.0
4800,90.0
2621,99.0
3754,0.0
4195,0.0
4504,96.0
2159,0.0
1412,10.0
1268,0.0
9147,0.0
7344,2.0
5494,4.0
8301,95.0
4912,93.0
2785,95.0
2042,0.0
1109,94.0
8396,98.0
29,98.0
701,0.0
8514,96.0
1622,99.0
10232,95.0
801,8.0
4828,0.0
3744,0.0
8442,0.0
9171,0.0
4543,98.0
5084,98.0
8904,18.0
6552,94.0
2331,99.0
7083,96.0
641,96.0
8063,0.0
2463,0.0
9413,94.0
9255,4.0
6883,0.0
7619,0.0
7811,3.0
9294,99.0
4625,0.0
1978,5.0
917,97.0
4210,0.0
7002,96.0
2756,10.0
218,96.0
1626,12.0
9245,98.0
5169,97.0
3668,98.0
3223,0.0
4197,0.0
6063,96.0
4431,10.0
1449,94.0
7122,96.0
5304,96.0
1954,14.0
2340,6.0
7957,98.0
6299,4.0
4086,2.0
8010,93.0
6114,0.0
10153,98.0
8636,0.0
10761,100.0
9800,98.0
515,0.0
3315,9.0
7276,0.0
2944,24.0
1278,100.0
2588,0.0
8058,0.0
9943,0.0
7678,0.0
1849,2.0
5102,96.0
2659,92.0
3785,99.0
3436,0.0
4257,0.0
3195,0.0
5567,8.0
9254,95.0
2192,95.0
8886,4.0
686,0.0
6293,94.0
4624,98.0
2603,0.0
4349,0.0
528,99.0
3823,93.0
3926,0.0
9857,0.0
6289,99.0
8898,6.0
3494,0.0
7384,20.0
8121,99.0
8422,0.0
6623,7.0
9706,8.0
10070,93.0
3457,4.0
4822,0.0
8291,7.0
2021,98.0
2940,93.0
8299,6.0
9795,96.0
7369,100.0
7521,0.0
2555,98.0
685,0.0
3654,97.0
1772,0.0
9213,97.0
7545,100.0
7679,0.0
6436,4.0
3544,99.0
6259,9.0
1387,4.0
6972,8.0
10272,95.0
201,4.0
9971,4.0
6758,96.0
753,99.0
67,2.0
625,13.0
2213,10.0
1226,12.0
787,99.0
1702,0.0
10806,12.0
1841,5.0
2850,91.0
5541,0.0
5358,0.0
8707,4.0
3697,100.0
6026,0.0
10910,0.0
14,0.0
6699,6.0
1136,95.0
6531,98.0
6695,8.0
6295,4.0
4579,95.0
830,20.0
3978,94.0
10942,0.0
2177,6.0
7796,4.0
262,4.0
5137,93.0
4427,98.0
8407,10.0
10357,0.0
8635,0.0
4656,0.0
91,10.0
5648,0.0
8899,6.0
3681,98.0
4979,0.0
154,0.0
6204,95.0
4657,0.0
767,98.0
10186,0.0
9759,0.0
4582,18.0
352,0.0
7938,8.0
1901,0.0
7915,0.0
6601,97.0
8583,8.0
959,0.0
1235,0.0
9753,0.0
10604,4.0
4440,1.0
2694,13.0
6339,13.0
292,97.0
3992,6.0
4426,0.0
1358,96.0
5793,4.0
1285,8.0
8269,95.0
1516,14.0
9216,98.0
3119,98.0
5900,99.0
8680,8.0
6660,0.0
6294,96.0
8053,0.0
3670,99.0
16,2.0
9043,98.0
5427,98.0
9696,96.0
984,0.0
10127,95.0
1186,96.0
8678,16.0
3762,8.0
7731,100.0
9505,95.0
4238,0.0
10364,93.0
2222,96.0
8981,0.0
3960,0.0
10925,0.0
9913,0.0
9481,95.0
6303,6.0
7768,14.0
2405,0.0
10310,16.0
4129,0.0
7738,10.0
10128,95.0
6801,96.0
5286,0.0
138,0.0
5057,97.0
3450,2.0
6755,93.0
9902,97.0
10058,92.0
3741,22.0
9683,98.0
7015,96.0
4897,20.0
6053,97.0
3433,0.0
8192,100.0
7918,14.0
9296,95.0
8163,99.0
1067,91.0
9305,94.0
7569,93.0
6506,0.0
6245,0.0
6443,97.0
4613,4.0
3383,0.0
10765,97.0
2026,4.0
5756,10.0
1016,0.0
10690,0.0
3462,8.0
2418,94.0
10142,100.0
7070,93.0
7476,0.0
2718,95.0
9789,0.0
2178,97.0
9998,4.0
6508,0.0
8523,0.0
7626,0.0
10176,0.0
4231,98.0
1616,8.0
7930,4.0
6106,6.0
4145,0.0
1327,93.0
1253,0.0
3079,8.0
6269,94.0
296,96.0
1658,97.0
5645,100.0
6331,0.0
630,93.0
10434,0.0
3737,94.0
720,96.0
5791,8.0
578,99.0
9578,0.0
1379,96.0
1500,95.0
2735,0.0
3044,2.0
2803,97.0
9547,92.0
4783,98.0
4134,0.0
6673,99.0
6036,22.0
8465,93.0
10275,95.0
10460,100.0
8273,99.0
9751,0.0
7767,4.0
3814,0.0
9367,0.0
6792,1.0
9450,97.0
1330,97.0
6163,96.0
3244,0.0
10136,6.0
10179,0.0
1251,0.0
6272,99.0
379,0.0
413,4.0
738,0.0
730,0.0
9671,98.0
2001,2.0
6577,4.0
1591,96.0
2750,97.0
3183,96.0
3777,97.0
4056,0.0
4220,0.0
9492,93.0
972,0.0
8787,94.0
2587,0.0
6228,92.0
8361,97.0
3285,94.0
1160,97.0
9148,0.0
3900,99.0
6115,4.0
9155,10.0
4834,0.0
5729,0.0
934,10.0
6902,8.0
4805,0.0
5074,98.0
3126,0.0
2739,0.0
3707,98.0
2704,4.0
4101,3.0
1911,0.0
446,8.0
8052,0.0
5282,0.0
4814,0.0
2762,97.0
10200,0.0
2013,4.0
8416,100.0
5168,100.0
7864,0.0
6167,100.0
445,22.0
4169,0.0
8166,96.0
9571,96.0
2160,0.0
586,97.0
8538,0.0
3336,8.0
8153,8.0
2482,98.0
1046,96.0
5469,0.0
4140,0.0
9911,4.0
695,0.0
4034,96.0
10457,4.0
5232,0.0
6804,100.0
5760,14.0
51,4.0
6416,0.0
3684,4.0
1697,0.0
9499,99.0
6811,4.0
1684,0.0
981,0.0
3848,97.0
1791,0.0
8464,2.0
8227,0.0
4054,10.0
2473,4.0
4977,0.0
5388,97.0
4425,97.0
5417,99.0
4978,0.0
1743,96.0
5496,13.0
1183,98.0
7808,99.0
1334,96.0
4389,0.0
6362,100.0
7873,0.0
9362,0.0
9606,79.0
9673,98.0
2932,8.0
9092,0.0
5122,99.0
9833,4.0
2797,94.0
6159,4.0
2517,6.0
7684,0.0
3170,0.0
1123,8.0
2038,0.0
3203,94.0
6990,94.0
2601,0.0
8082,95.0
5939,0.0
594,95.0
7486,0.0
8493,0.0
6944,95.0
8024,0.0
54,90.0
3788,99.0
8148,99.0
5491,0.0
10855,6.0
9454,96.0
9447,4.0
10528,0.0
10486,100.0
1323,0.0
5757,11.0
480,89.0
3655,2.0
534,98.0
5120,9.0
4727,92.0
6583,0.0
804,0.0
3627,0.0
5810,95.0
10413,0.0
10488,23.0
9340,98.0
4399,2.0
4693,96.0
5839,96.0
4108,0.0
2573,99.0
8421,0.0
3275,100.0
2606,0.0
2219,99.0
2329,99.0
9900,2.0
9079,4.0
1315,95.0
862,99.0
7757,2.0
540,99.0
3914,2.0
1973,2.0
10663,0.0
10826,94.0
2734,8.0
9654,14.0
2489,97.0
7625,0.0
6437,97.0
1927,0.0
8835,99.0
10931,0.0
3943,0.0
1485,96.0
5184,96.0
4833,0.0
7555,100.0
10599,4.0
6974,96.0
4437,92.0
1141,0.0
8571,6.0
4222,0.0
964,0.0
1148,97.0
6105,0.0
10327,92.0
6606,92.0
8187,99.0
5091,0.0
4407,2.0
6803,95.0
1694,0.0
5809,99.0
1837,4.0
2166,0.0
688,0.0
8091,4.0
3028,0.0
6051,97.0
10375,8.0
2307,20.0
5088,97.0
8611,0.0
7791,95.0
8884,0.0
9660,6.0
7980,2.0
4901,97.0
5549,2.0
10219,13.0
784,94.0
6781,4.0
4400,4.0
5766,4.0
1738,2.0
410,0.0
503,0.0
6913,98.0
5950,10.0
9718,99.0
2066,92.0
7676,0.0
3474,16.0
8561,16.0
7547,2.0
10161,6.0
5603,12.0
1443,97.0
7107,90.0
892,85.0
9717,9.0
4046,4.0
8754,4.0
2027,2.0
3498,0.0
6878,97.0
5439,83.0
1527,94.0
2794,9.0
8243,91.0
7257,6.0
9107,93.0
1701,0.0
4732,28.0
3618,4.0
3565,8.0
3892,0.0
4847,98.0
8542,9.0
8490,0.0
8831,98.0
5866,14.0
4965,97.0
10229,4.0
9427,98.0
8014,95.0
2263,0.0
8652,0.0
4544,100.0
1115,96.0
6752,94.0
5763,2.0
10608,16.0
1434,1.0
3799,97.0
7654,8.0
4126,0.0
4946,96.0
6375,4.0
2637,97.0
10233,98.0
3333,8.0
10382,8.0
5784,97.0
8214,4.0
1627,99.0
2078,26.0
7828,0.0
2286,97.0
6775,3.0
5895,0.0
4392,94.0
7273,0.0
7063,0.0
7503,0.0
5612,0.0
6534,90.0
3945,0.0
8804,97.0
10201,0.0
9647,93.0
9252,95.0
10346,6.0
8139,94.0
10779,0.0
10321,18.0
9809,93.0
6543,96.0
8689,6.0
10832,1.0
6938,95.0
4743,95.0
10719,0.0
10593,10.0
5049,16.0
2346,4.0
6216,95.0
5007,98.0
1154,99.0
4387,0.0
8041,0.0
1801,0.0
6,99.0
10918,0.0
5762,0.0
5160,24.0
3064,0.0
7815,4.0
4920,95.0
1162,8.0
4234,13.0
10837,2.0
5691,0.0
10165,96.0
3055,97.0
7568,0.0
5280,0.0
3884,96.0
7505,0.0
1439,98.0
7286,0.0
4477,95.0
1414,97.0
5558,4.0
7639,0.0
4157,0.0
10636,0.0
2109,87.0
7346,4.0
5553,0.0
1291,95.0
1606,4.0
7290,0.0
8222,0.0
1082,93.0
9511,95.0
70,1.0
9540,8.0
5095,80.0
10822,0.0
954,97.0
8806,94.0
5892,99.0
10863,0.0
8506,0.0
2140,0.0
3615,0.0
9487,93.0
2914,6.0
8785,4.0
5048,2.0
6553,98.0
2616,0.0
6503,0.0
3263,0.0
5121,8.0
1139,94.0
5011,96.0
3282,0.0
3758,99.0
4562,4.0
2717,97.0
8401,94.0
9466,3.0
2852,12.0
10116,4.0
4415,5.0
3438,0.0
10596,95.0
6013,0.0
3446,94.0
5751,18.0
4401,0.0
6206,20.0
7822,0.0
10319,0.0
5139,20.0
3365,96.0
2173,10.0
2369,94.0
10641,0.0
8511,6.0
7436,0.0
7968,0.0
2311,0.0
8360,100.0
7567,0.0
8939,99.0
9489,96.0
9668,98.0
5977,0.0
10405,0.0
2430,97.0
2299,7.0
5687,0.0
9628,2.0
10920,0.0
1120,2.0
3165,0.0
6200,12.0
4856,94.0
9815,20.0
7734,100.0
4017,12.0
8708,94.0
2643,95.0
6934,95.0
2103,4.0
3875,99.0
268,0.0
4435,2.0
4673,0.0
4245,2.0
10774,8.0
3769,0.0
8839,11.0
195,8.0
2378,14.0
5637,0.0
10304,94.0
5053,2.0
9333,0.0
979,0.0
1706,0.0
10692,0.0
2349,16.0
9510,98.0
3612,96.0
3629,0.0
1370,8.0
10337,98.0
6271,98.0
3692,98.0
9690,95.0
6500,0.0
2812,97.0
6122,8.0
475,99.0
7439,0.0
3620,98.0
4434,97.0
10192,0.0
4132,0.0
5165,95.0
10462,98.0
9073,0.0
8658,96.0
881,0.0
2830,95.0
5930,26.0
2912,98.0
2927,2.0
7417,0.0
3839,12.0
10093,8.0
4319,0.0
3792,2.0
7827,98.0
8646,0.0
4444,6.0
1753,95.0
6208,0.0
7689,0.0
2048,7.0
9154,0.0
9996,2.0
3866,95.0
7902,98.0
7281,0.0
8237,0.0
7621,0.0
9927,100.0
1556,0.0
2068,0.0
3831,88.0
2645,95.0
2012,93.0
7975,97.0
4731,0.0
6854,0.0
8012,4.0
10380,4.0
5357,94.0
918,21.0
5564,8.0
7914,6.0
5635,7.0
3537,98.0
7605,0.0
3174,97.0
8659,2.0
3320,98.0
10590,0.0
2039,0.0
558,18.0
10905,6.0
7651,9.0
9100,3.0
992,0.0
5758,8.0
2871,93.0
9779,99.0
6786,8.0
1890,0.0
7766,4.0
471,17.0
8769,97.0
1643,96.0
8852,96.0
10622,0.0
4949,92.0
1815,0.0
6469,17.0
10194,0.0
6070,97.0
9414,97.0
3395,9.0
9581,0.0
7310,0.0
7483,0.0
419,0.0
8190,95.0
7830,94.0
9117,0.0
8843,4.0
985,0.0
6637,0.0
2824,93.0
4329,0.0
7699,8.0
9286,16.0
9944,4.0
288,99.0
724,0.0
4069,2.0
5225,0.0
5432,95.0
876,0.0
3652,3.0
7051,0.0
6336,9.0
4184,98.0
328,0.0
9282,98.0
5285,0.0
6023,0.0
1039,95.0
913,99.0
4799,95.0
6031,0.0
8376,10.0
8161,99.0
1464,20.0
7040,0.0
560,95.0
4235,8.0
9653,91.0
2079,16.0
4102,0.0
3586,0.0
7363,98.0
1518,100.0
5787,8.0
4640,0.0
9731,0.0
5477,0.0
4892,98.0
3632,0.0
2373,5.0
10602,91.0
4186,2.0
8925,93.0
1866,0.0
10162,4.0
8363,98.0
1051,99.0
10562,0.0
3404,100.0
901,92.0
5501,2.0
9928,93.0
6644,0.0
10547,0.0
4292,0.0
2243,2.0
291,94.0
4654,0.0
7723,4.0
6697,96.0
10835,9.0
3127,6.0
7839,96.0
8793,0.0
10028,92.0
8289,0.0
10777,4.0
2567,4.0
3567,4.0
414,10.0
1648,5.0
5908,4.0
2651,95.0
4976,0.0
5629,8.0
9619,95.0
8850,6.0
5997,0.0
1332,98.0
6919,28.0
7514,0.0
9336,2.0
5548,6.0
4014,6.0
5546,8.0
5789,4.0
3617,0.0
8412,100.0
2908,9.0
10402,0.0
6086,91.0
228,8.0
3113,17.0
3838,0.0
6477,0.0
2683,96.0
7192,2.0
10167,2.0
2796,3.0
10884,0.0
1722,98.0
192,4.0
6482,0.0
9822,4.0
8614,0.0
6929,94.0
4388,0.0
5351,0.0
10852,0.0
8540,3.0
2656,12.0
6378,95.0
9853,0.0
9586,96.0
8500,0.0
4669,0.0
7843,95.0
4583,0.0
6314,94.0
6227,8.0
9260,99.0
9310,98.0
9612,100.0
9817,4.0
7920,6.0
2040,0.0
2636,16.0
10214,0.0
5244,94.0
6011,0.0
10442,100.0
3209,18.0
841,10.0
2790,10.0
7805,4.0
3414,0.0
2844,94.0
3791,98.0
1923,9.0
34,0.0
10367,95.0
2485,30.0
6903,14.0
1432,16.0
3880,81.0
3518,98.0
7588,5.0
1482,99.0
1217,0.0
9110,5.0
1247,0.0
5846,6.0
3099,2.0
346,8.0
6029,0.0
8317,95.0
10745,0.0
9341,0.0
9566,100.0
8456,0.0
8789,20.0
4867,92.0
6180,99.0
9626,3.0
10933,0.0
827,97.0
5036,96.0
5180,88.0
5148,7.0
10256,97.0
1961,2.0
4221,0.0
9137,97.0
5424,4.0
6884,14.0
10035,97.0
8539,0.0
7861,0.0
3014,0.0
2816,99.0
3830,98.0
2400,0.0
5863,93.0
6646,0.0
4522,34.0
4809,0.0
608,6.0
7475,4.0
10458,0.0
2057,4.0
10271,98.0
6994,95.0
7220,6.0
3144,15.0
6081,2.0
3172,98.0
1736,98.0
7402,2.0
9222,97.0
2402,0.0
7403,97.0
5356,8.0
3366,95.0
3573,0.0
8524,6.0
9271,97.0
3137,7.0
7562,0.0
4709,11.0
8984,0.0
2646,98.0
6164,98.0
1121,6.0
1637,7.0
1669,0.0
6542,94.0
3023,0.0
8598,97.0
10378,4.0
1892,0.0
4250,8.0
10564,0.0
3810,4.0
8936,0.0
4118,0.0
10001,98.0
6984,98.0
5199,0.0
10702,0.0
9667,97.0
5537,5.0
9303,92.0
347,99.0
7249,2.0
7028,0.0
2233,4.0
5476,0.0
8775,90.0
691,0.0
8108,95.0
6328,0.0
2654,92.0
8834,0.0
501,99.0
10831,98.0
4173,4.0
752,99.0
5317,20.0
5271,0.0
1953,8.0
1009,6.0
10914,0.0
3757,98.0
4569,4.0
10044,98.0
7929,0.0
4158,0.0
4810,0.0
2304,12.0
2461,0.0
711,94.0
7398,0.0
74,98.0
5319,10.0
4536,18.0
2312,4.0
1761,0.0
9819,10.0
5094,4.0
9620,14.0
1130,0.0
9591,100.0
3611,0.0
10343,4.0
2334,96.0
7866,0.0
9415,96.0
6169,98.0
5698,0.0
10830,10.0
10189,0.0
1319,96.0
9633,10.0
2408,0.0
9257,8.0
1188,91.0
2195,4.0
3477,4.0
4303,0.0
6419,0.0
3616,0.0
6750,0.0
8362,4.0
4482,0.0
8305,96.0
6618,94.0
9549,10.0
2260,0.0
241,98.0
7017,2.0
8258,98.0
699,0.0
10115,94.0
143,0.0
4589,8.0
8656,0.0
2116,5.0
6149,91.0
7925,4.0
8484,0.0
6841,97.0
3288,95.0
2925,100.0
5471,0.0
9530,12.0
3190,9.0
6621,97.0
900,0.0
10250,0.0
6211,4.0
253,0.0
9723,95.0
1840,98.0
719,100.0
5829,98.0
7612,0.0
5732,6.0
2356,4.0
8403,98.0
2123,10.0
912,2.0
6554,94.0
2729,99.0
807,0.0
6613,14.0
9297,92.0
10289,95.0
7365,98.0
1844,98.0
5896,5.0
7842,95.0
2492,94.0
6579,10.0
732,0.0
7376,6.0
10898,5.0
5530,10.0
3120,2.0
3808,16.0
696,0.0
7144,97.0
863,4.0
1079,100.0
7419,0.0
2315,98.0
4696,98.0
8552,6.0
6139,90.0
5725,8.0
1876,0.0
3701,0.0
6983,96.0
1203,10.0
821,99.0
5721,8.0
10481,22.0
8440,0.0
1505,97.0
2394,0.0
2885,96.0
10711,0.0
114,0.0
7519,0.0
7268,20.0
4602,5.0
9709,8.0
9868,0.0
9993,10.0
5966,13.0
7482,11.0
6777,100.0
6315,3.0
5868,97.0
7271,0.0
2244,0.0
775,99.0
10184,0.0
2064,12.0
2835,0.0
3325,0.0
5005,96.0
5420,14.0
3854,97.0
4533,98.0
2591,0.0
2456,0.0
3287,97.0
1532,95.0
8420,0.0
12,2.0
1565,0.0
6151,0.0
3555,95.0
1983,4.0
10120,99.0
5842,95.0
1868,0.0
3306,98.0
3540,0.0
6404,0.0
9786,95.0
10358,99.0
960,0.0
4996,0.0
10092,6.0
7535,0.0
2757,2.0
2421,2.0
7960,94.0
10454,6.0
89,4.0
6108,2.0
10204,0.0
9491,90.0
10634,0.0
1984,6.0
3644,97.0
8392,0.0
5378,83.0
7797,93.0
679,0.0
9488,96.0
1161,86.0
9539,95.0
955,93.0
8955,0.0
47,2.0
9903,0.0
4223,0.0
3679,4.0
7023,0.0
4276,4.0
9794,2.0
3587,98.0
1521,0.0
8649,0.0
4765,97.0
4937,91.0
4103,0.0
9105,6.0
2549,4.0
6381,24.0
5906,22.0
8725,6.0
5859,99.0
10482,4.0
8,4.0
4668,0.0
7197,0.0
2566,0.0
1703,0.0
199,0.0
2347,6.0
518,18.0
6550,98.0
5253,100.0
9437,97.0
994,0.0
2335,96.0
8337,98.0
6602,98.0
2434,99.0
2543,4.0
5614,0.0
3606,4.0
5744,98.0
2720,95.0
1391,6.0
2191,98.0
4514,98.0
1519,96.0
10563,0.0
6033,0.0
226,10.0
7958,2.0
4032,8.0
6683,95.0
8832,13.0
6344,10.0
372,0.0
4396,10.0
8431,0.0
2724,98.0
4499,0.0
3218,96.0
3958,0.0
4036,4.0
9556,0.0
7674,0.0
415,1.0
3441,0.0
8675,0.0
1785,0.0
7275,0.0
7216,4.0
1197,100.0
69,2.0
4165,96.0
4317,4.0
6025,0.0
5807,95.0
365,0.0
8268,93.0
6622,97.0
412,4.0
4436,4.0
5798,0.0
10317,92.0
9143,14.0
6925,12.0
3234,4.0
131,10.0
303,100.0
2867,98.0
6682,98.0
5671,0.0
6723,4.0
6868,96.0
4205,0.0
236,99.0
7617,0.0
2341,96.0
1233,98.0
4342,97.0
4283,4.0
4959,99.0
8510,98.0
9034,24.0
6608,97.0
4320,97.0
8958,0.0
7668,0.0
1371,95.0
3938,0.0
8078,99.0
731,4.0
4652,0.0
341,4.0
6701,14.0
10145,96.0
7528,0.0
3232,0.0
7655,4.0
6650,0.0
6018,0.0
6278,97.0
2658,95.0
6109,0.0
911,96.0
2397,0.0
2527,4.0
6298,11.0
1882,0.0
3523,4.0
8732,99.0
7541,0.0
3252,0.0
9713,95.0
1378,6.0
2939,2.0
4010,4.0
1174,90.0
5677,0.0
1028,4.0
1311,0.0
561,97.0
2172,4.0
10671,11.0
10079,95.0
7670,0.0
444,95.0
10483,98.0
85,10.0
10141,14.0
9085,97.0
9701,4.0
10297,12.0
2813,2.0
8814,4.0
10846,8.0
7788,4.0
1975,96.0
2834,100.0
4664,0.0
1210,4.0
2888,0.0
8458,0.0
7874,0.0
9841,8.0
9012,95.0
1976,6.0
7299,0.0
7123,100.0
3910,96.0
535,2.0
5711,0.0
4636,95.0
5015,97.0
10944,0.0
1134,91.0
1552,0.0
6291,93.0
6639,0.0
5891,2.0
8993,0.0
9733,0.0
270,16.0
662,0.0
7819,0.0
9594,95.0
7566,8.0
2869,97.0
7303,0.0
5444,97.0
2036,0.0
9825,16.0
9141,12.0
10479,3.0
1934,0.0
3339,98.0
8853,13.0
9519,98.0
5712,98.0
1949,100.0
10129,0.0
6862,20.0
3940,0.0
206,94.0
2236,4.0
5008,95.0
3370,4.0
5785,0.0
323,99.0
7631,0.0
4274,0.0
5952,9.0
5489,10.0
8690,14.0
5917,4.0
2765,14.0
5686,0.0
7054,0.0
1737,95.0
859,12.0
4131,0.0
7447,0.0
10664,0.0
7701,97.0
10862,0.0
8017,0.0
6275,0.0
2386,98.0
6088,0.0
5194,0.0
2915,9.0
3552,97.0
2319,93.0
417,100.0
97,2.0
9365,0.0
10877,4.0
8466,90.0
742,6.0
9550,98.0
4958,95.0
4051,96.0
10591,95.0
6976,96.0
5562,9.0
6447,7.0
263,4.0
7292,0.0
4908,93.0
10433,0.0
5302,10.0
5876,97.0
7472,4.0
1545,0.0
4502,99.0
24,12.0
690,0.0
3435,0.0
9882,0.0
3267,99.0
9405,97.0
2494,96.0
2270,0.0
261,95.0
6615,99.0
3983,7.0
9828,0.0
6400,0.0
2389,94.0
2330,98.0
8507,4.0
1339,98.0
10097,8.0
8303,22.0
8321,3.0
4754,12.0
7328,0.0
6687,95.0
2101,0.0
8928,1.0
9929,96.0
1488,6.0
6966,91.0
8960,0.0
10785,0.0
9587,94.0
759,95.0
3358,98.0
1172,99.0
1860,0.0
10766,0.0
8241,99.0
1584,0.0
602,99.0
1602,96.0
6947,4.0
8792,2.0
10078,18.0
10065,8.0
8453,95.0
928,2.0
9205,96.0
10322,8.0
3570,97.0
1693,0.0
8871,0.0
5174,4.0
1773,0.0
7038,0.0
8607,11.0
7137,96.0
7498,0.0
8908,94.0
9607,96.0
5942,4.0
536,100.0
7241,0.0
9736,0.0
3089,2.0
9063,97.0
7119,98.0
430,12.0
9656,0.0
2754,96.0
8393,20.0
4202,0.0
7204,0.0
2622,2.0
4262,2.0
1695,0.0
6763,94.0
6135,5.0
4914,95.0
5561,14.0
9831,20.0
7189,98.0
10613,10.0
7594,100.0
9460,98.0
4226,0.0
1420,98.0
219,97.0
6473,100.0
7458,0.0
5591,4.0
232,100.0
2250,95.0
2167,0.0
6578,8.0
9086,17.0
3352,98.0
110,0.0
1765,0.0
2445,0.0
2676,98.0
6059,95.0
2333,4.0
3648,99.0
746,12.0
7075,97.0
7181,4.0
3260,0.0
6393,0.0
8051,0.0
6017,0.0
3415,0.0
9942,0.0
9767,84.0
9298,95.0
9042,12.0
2991,0.0
4455,98.0
8248,97.0
8128,95.0
1858,6.0
4443,8.0
3908,0.0
2709,10.0
9732,0.0
5192,0.0
1989,10.0
7606,0.0
4650,0.0
8111,92.0
432,2.0
10086,10.0
1,6.0
9531,2.0
5110,85.0
4717,10.0
3485,0.0
7450,0.0
6808,96.0
3402,97.0
2884,92.0
8564,7.0
1807,0.0
1633,96.0
3393,2.0
2267,0.0
7150,0.0
2246,2.0
9203,8.0
3094,97.0
7885,94.0
2015,99.0
9350,0.0
2429,97.0
2519,10.0
9337,97.0
4995,0.0
9392,0.0
1474,0.0
9327,100.0
402,0.0
2878,0.0
2375,96.0
1263,0.0
9961,2.0
4825,0.0
10843,97.0
9494,10.0
6154,96.0
1546,0.0
1689,0.0
3624,0.0
6659,0.0
2538,12.0
5267,0.0
8562,8.0
2569,12.0
4093,100.0
4770,95.0
8333,100.0
8359,96.0
10359,3.0
4185,0.0
1764,0.0
6848,0.0
7431,0.0
9564,95.0
6127,2.0
6327,96.0
4194,0.0
4199,0.0
2825,96.0
5544,95.0
3122,0.0
220,98.0
8522,16.0
196,96.0
717,92.0
9760,0.0
9098,4.0
8966,0.0
9932,4.0
2214,16.0
6889,96.0
10160,18.0
6162,96.0
9955,0.0
3543,98.0
7953,94.0
2972,0.0
5082,95.0
546,95.0
7563,14.0
2115,10.0
3560,0.0
10904,96.0
4085,5.0
56,6.0
7620,0.0
5920,4.0
6175,4.0
6484,0.0
609,0.0
4271,97.0
4858,77.0
833,97.0
7199,14.0
8069,98.0
3364,98.0
7725,8.0
406,0.0
9314,94.0
5483,0.0
9261,97.0
7934,8.0
5578,100.0
1696,0.0
872,94.0
8896,0.0
6076,98.0
2297,27.0
5823,95.0
10597,4.0
3709,20.0
66,6.0
7891,2.0
1007,4.0
2235,0.0
8782,99.0
3826,9.0
3597,2.0
3739,0.0
1331,97.0
8245,93.0
8683,98.0
9740,0.0
6738,98.0
4013,0.0
242,0.0
6511,0.0
6221,0.0
9888,0.0
1013,24.0
8906,97.0
7604,0.0
9429,99.0
4898,14.0
940,9.0
10818,6.0
2028,3.0
3491,0.0
9720,97.0
8745,4.0
8736,4.0
5907,12.0
5365,0.0
382,0.0
1178,99.0
7418,0.0
1392,9.0
4798,94.0
224,4.0
2612,0.0
6502,0.0
9995,2.0
6557,99.0
5765,17.0
7347,7.0
5921,8.0
7893,93.0
7991,94.0
8748,0.0
7166,8.0
10117,4.0
362,90.0
1779,0.0
7908,0.0
547,96.0
8221,0.0
9077,8.0
508,4.0
5062,94.0
978,0.0
9608,90.0
8125,99.0
9172,96.0
8099,94.0
350,2.0
6276,0.0
7382,20.0
5321,4.0
4718,1.0
7067,92.0
8998,11.0
10384,98.0
8056,0.0
1328,4.0
2460,0.0
118,4.0
10226,12.0
4964,100.0
1587,0.0
9649,2.0
855,10.0
10638,0.0
6930,92.0
1980,7.0
1246,0.0
8475,0.0
2002,5.0
466,96.0
5129,98.0
3915,14.0
2807,2.0
6679,4.0
8210,14.0
8074,34.0
8578,18.0
9525,100.0
5268,0.0
10759,22.0
9322,98.0
4272,0.0
9773,93.0
9313,95.0
7395,0.0
9328,96.0
6631,0.0
6045,95.0
10401,0.0
7295,0.0
193,9.0
9055,98.0
6512,0.0
9215,98.0
3905,2.0
4512,96.0
2216,16.0
6940,96.0
349,0.0
4295,18.0
6641,0.0
10330,97.0
8313,0.0
874,87.0
7970,0.0
7905,9.0
7110,97.0
3304,97.0
4377,0.0
5189,0.0
5999,0.0
9877,0.0
7278,0.0
5000,0.0
926,96.0
2831,99.0
3110,6.0
3610,6.0
8512,97.0
10844,10.0
5529,4.0
9281,14.0
4258,97.0
1466,4.0
5468,0.0
6864,6.0
7683,0.0
7539,4.0
8937,100.0
683,0.0
6323,0.0
9361,0.0
5542,3.0
5296,0.0
4954,90.0
10137,95.0
597,14.0
2326,98.0
2952,98.0
9625,18.0
9860,0.0
6087,8.0
8818,93.0
5583,11.0
9999,8.0
30,6.0
3553,8.0
6899,32.0
316,96.0
5398,100.0
620,88.0
6279,10.0
4968,12.0
1393,96.0
1865,4.0
7531,0.0
3816,12.0
8790,97.0
1043,97.0
5213,0.0
2212,0.0
10144,99.0
10494,1.0
5989,12.0
4925,99.0
6813,4.0
6481,0.0
4279,10.0
10424,0.0
3510,0.0
9642,8.0
10929,0.0
1966,2.0
532,99.0
2187,4.0
10425,0.0
794,0.0
8023,0.0
2691,99.0
3781,97.0
4060,99.0
2211,8.0
952,96.0
571,97.0
4711,89.0
8173,93.0
9387,0.0
1512,93.0
7213,0.0
1810,3.0
7623,0.0
115,4.0
4969,2.0
2181,10.0
667,0.0
6904,12.0
8037,0.0
2699,96.0
6877,99.0
6698,97.0
10293,94.0
4242,6.0
10216,0.0
8735,99.0
3784,99.0
1525,98.0
4774,14.0
2554,98.0
1408,95.0
7647,3.0
1829,12.0
10440,98.0
10089,98.0
8780,99.0
1631,93.0
17,4.0
4626,8.0
4712,4.0
3015,0.0
3387,0.0
6126,8.0
9552,0.0
966,0.0
2650,89.0
8695,19.0
10600,8.0
3118,88.0
1429,10.0
484,0.0
5514,0.0
4617,0.0
4133,0.0
3786,4.0
6638,0.0
8230,95.0
9389,0.0
9028,4.0
9196,2.0
2553,8.0
1156,0.0
7897,0.0
7779,98.0
3527,93.0
5142,8.0
2774,90.0
8796,99.0
5301,98.0
1084,97.0
170,0.0
6021,0.0
3163,0.0
3738,96.0
7404,5.0
1303,96.0
3076,8.0
10105,8.0
7494,0.0
2059,6.0
2967,20.0
4473,92.0
4970,0.0
1680,0.0
6479,0.0
8462,17.0
3730,18.0
7461,0.0
7609,0.0
2149,0.0
7881,98.0
8865,92.0
8001,4.0
3871,97.0
4759,0.0
1733,89.0
9790,98.0
7852,22.0
9120,95.0
3495,100.0
10244,2.0
5134,4.0
10701,0.0
1350,97.0
9416,4.0
4922,97.0
857,2.0
2526,98.0
8377,94.0
10039,0.0
9880,0.0
5524,4.0
9670,4.0
2727,96.0
10903,9.0
919,97.0
453,4.0
7420,0.0
8888,2.0
9843,2.0
451,2.0
790,2.0
9126,96.0
7856,96.0
9032,2.0
4062,97.0
2697,0.0
2905,0.0
283,99.0
8565,4.0
3995,2.0
3718,3.0
6867,97.0
9677,98.0
7747,0.0
10205,0.0
2054,15.0
1950,21.0
583,99.0
2092,5.0
5622,0.0
2075,6.0
2753,8.0
4150,0.0
9308,93.0
9386,0.0
10509,0.0
1192,95.0
5841,4.0
5571,100.0
1955,0.0
2020,99.0
7191,3.0
162,0.0
1320,2.0
458,16.0
6965,98.0
6434,0.0
3673,16.0
2701,0.0
5878,97.0
2721,97.0
4509,98.0
7124,97.0
4552,97.0
5162,0.0
3376,11.0
6788,4.0
3027,0.0
3802,4.0
5659,6.0
10390,4.0
3571,10.0
10331,9.0
10006,96.0
9726,0.0
6941,97.0
5625,0.0
9122,95.0
7018,95.0
7179,0.0
2208,97.0
5569,98.0
7140,0.0
3789,98.0
4289,4.0
3054,12.0
6456,100.0
9421,0.0
9557,97.0
4495,97.0
9037,93.0
418,4.0
1225,91.0
5059,4.0
7773,96.0
10412,0.0
8738,4.0
1787,0.0
4066,99.0
3529,97.0
1207,10.0
7108,97.0
924,98.0
9338,97.0
1906,0.0
850,6.0
6405,0.0
10280,96.0
1957,7.0
5116,98.0
7611,0.0
8912,96.0
3147,0.0
2974,94.0
8094,95.0
1547,0.0
8575,98.0
2217,0.0
8246,98.0
10372,98.0
1032,2.0
250,0.0
3732,4.0
6354,14.0
10807,6.0
369,0.0
4286,96.0
2956,0.0
6748,8.0
1850,97.0
8013,95.0
8694,6.0
4246,0.0
10019,1.0
2809,10.0
7629,0.0
8862,7.0
7884,96.0
4450,99.0
943,8.0
4416,6.0
2189,0.0
5964,0.0
5283,0.0
7368,99.0
9589,92.0
5856,99.0
1690,0.0
2448,0.0
2201,99.0
7741,15.0
5681,0.0
5991,99.0
9965,6.0
9780,91.0
8015,0.0
10218,99.0
8302,6.0
4176,0.0
9821,8.0
1623,6.0
585,100.0
10741,95.0
4573,4.0
8629,0.0
8158,13.0
4041,96.0
9693,97.0
8859,4.0
3806,9.0
4459,98.0
6926,10.0
59,0.0
7774,96.0
7526,0.0
8918,97.0
4439,97.0
8423,0.0
6225,4.0
6153,94.0
3303,98.0
6369,96.0
781,0.0
8953,0.0
10432,0.0
10614,97.0
2716,8.0
5869,98.0
6050,95.0
2451,0.0
3686,8.0
4608,2.0
1342,2.0
3713,99.0
6901,6.0
9302,95.0
6203,6.0
4813,0.0
4099,98.0
1037,10.0
10645,0.0
7721,0.0
6417,0.0
2136,0.0
6805,99.0
5608,8.0
5463,0.0
6767,0.0
4084,0.0
7517,0.0
576,6.0
4741,98.0
4,98.0
2695,16.0
8486,0.0
6591,6.0
8351,99.0
4356,0.0
3538,99.0
10206,0.0
10797,93.0
9409,4.0
802,6.0
3283,0.0
9306,96.0
1451,94.0
6895,97.0
10439,2.0
1529,2.0
353,4.0
530,94.0
4924,94.0
8266,97.0
6920,97.0
8868,96.0
9533,0.0
3117,7.0
10054,6.0
9762,0.0
6973,96.0
4643,0.0
4124,0.0
1166,97.0
1193,91.0
10417,0.0
3691,100.0
9737,0.0
4686,7.0
9058,100.0
1750,98.0
7399,4.0
3712,8.0
10288,8.0
1249,0.0
7280,0.0
7907,96.0
8670,12.0
7408,99.0
3017,0.0
5221,0.0
6257,94.0
7406,0.0
6138,98.0
2257,98.0
8142,96.0
10174,0.0
704,99.0
5030,98.0
7575,96.0
3564,0.0
9087,8.0
10163,2.0
7134,96.0
5979,8.0
5827,0.0
1453,95.0
5305,3.0
6340,98.0
6398,0.0
997,0.0
2145,0.0
6670,0.0
1533,4.0
4682,0.0
2362,18.0
6982,97.0
6475,2.0
3226,9.0
3852,97.0
2698,95.0
3997,0.0
7047,0.0
4578,0.0
10448,0.0
848,4.0
9897,96.0
334,0.0
7632,0.0
4787,16.0
358,4.0
10586,14.0
9152,0.0
7608,0.0
7410,0.0
10418,0.0
4007,16.0
8545,6.0
5112,95.0
1607,0.0
481,6.0
7287,0.0
6915,12.0
3416,0.0
447,0.0
4888,10.0
3574,0.0
6140,4.0
1274,0.0
3093,4.0
7337,98.0
10946,0.0
3977,99.0
9792,8.0
10498,6.0
550,96.0
4398,4.0
9575,84.0
6967,98.0
9380,0.0
5228,0.0
1213,99.0
2090,4.0
10257,97.0
281,100.0
4492,97.0
7434,0.0
10004,4.0
10114,7.0
7565,6.0
6010,0.0
9973,11.0
2906,0.0
8641,0.0
7357,14.0
6007,0.0
8777,9.0
7331,0.0
8676,4.0
4658,0.0
4395,2.0
1795,0.0
5396,6.0
2602,0.0
499,4.0
1245,0.0
7243,98.0
2777,99.0
6452,98.0
6521,0.0
6525,16.0
7572,97.0
6689,97.0
2855,95.0
6353,12.0
9574,98.0
1847,4.0
893,96.0
2945,81.0
3392,2.0
1074,0.0
10041,98.0
2080,98.0
9045,100.0
7170,0.0
6746,8.0
9293,96.0
5901,2.0
4096,8.0
6671,96.0
7104,94.0
3222,0.0
8809,98.0
5294,0.0
4993,0.0
4115,0.0
6124,0.0
7533,0.0
7812,98.0
4885,30.0
10888,12.0
3272,96.0
5400,97.0
8875,4.0
5886,96.0
4700,11.0
9206,96.0
2535,3.0
2134,0.0
7285,0.0
568,99.0
6842,97.0
6562,97.0
2262,4.0
2648,90.0
10841,98.0
9247,96.0
8945,4.0
2715,2.0
1659,98.0
1442,95.0
7206,4.0
2620,94.0
4637,12.0
9351,0.0
5585,99.0
1024,98.0
1597,96.0
2617,0.0
5679,0.0
1494,14.0
8776,11.0
5527,4.0
4309,4.0
4190,0.0
3641,97.0
1431,4.0
8842,99.0
9467,98.0
670,0.0
6352,94.0
10133,0.0
10072,97.0
2427,94.0
6858,6.0
749,12.0
4926,98.0
9864,0.0
8529,99.0
454,16.0
2133,4.0
2426,96.0
3068,14.0
9776,93.0
8138,98.0
2890,0.0
1522,0.0
3447,98.0
6587,10.0
4494,98.0
3308,95.0
4121,0.0
1368,95.0
431,0.0
8747,12.0
6144,94.0
10867,14.0
1220,95.0
4695,94.0
7570,92.0
2390,96.0
6486,0.0
10930,0.0
10788,20.0
1031,97.0
10953,0.0
7423,0.0
1394,95.0
10743,9.0
5624,0.0
4963,97.0
6358,100.0
9091,5.0
9209,0.0
1149,0.0
8579,0.0
10376,4.0
10886,20.0
4807,0.0
4866,8.0
1557,0.0
5528,8.0
10518,96.0
2441,0.0
3936,0.0
5249,5.0
5487,0.0
9926,2.0
5320,7.0
64,0.0
1823,0.0
7004,16.0
1396,95.0
9783,87.0
10316,0.0
7849,4.0
9251,97.0
8144,97.0
10703,0.0
2860,4.0
1273,0.0
3111,4.0
7583,10.0
259,4.0
1620,14.0
7244,5.0
5513,0.0
5171,10.0
10805,2.0
7913,8.0
10710,0.0
172,0.0
8720,6.0
3242,0.0
9621,42.0
3770,0.0
3957,0.0
4047,2.0
2619,0.0
3766,2.0
3891,4.0
3458,6.0
4588,0.0
2241,2.0
3398,99.0
3604,2.0
8504,8.0
103,98.0
3488,12.0
1740,98.0
4560,0.0
10560,0.0
9842,8.0
3873,98.0
9276,0.0
8626,0.0
7618,0.0
1768,0.0
3585,8.0
6747,95.0
8254,96.0
8404,97.0
10813,21.0
8726,0.0
8441,0.0
10427,0.0
8250,95.0
9378,0.0
5563,4.0
3689,2.0
3389,0.0
7947,98.0
1990,7.0
6218,8.0
5300,95.0
5515,4.0
9461,97.0
4027,6.0
10371,93.0
9292,0.0
8645,0.0
8450,96.0
9495,0.0
10512,2.0
5616,0.0
6229,6.0
10516,3.0
9544,4.0
5666,99.0
4315,0.0
10647,0.0
5556,2.0
9592,96.0
5700,0.0
7761,100.0
1599,97.0
8897,4.0
3390,2.0
5372,97.0
764,97.0
3863,14.0
7809,100.0
6202,93.0
4422,6.0
6826,96.0
10042,98.0
10817,0.0
5915,4.0
9070,0.0
6391,95.0
6740,0.0
9962,6.0
3062,8.0
9201,0.0
1495,4.0
3401,98.0
429,98.0
1237,0.0
10870,2.0
728,8.0
9321,97.0
2148,0.0
1108,0.0
6624,94.0
5860,96.0
6320,12.0
3937,0.0
10731,0.0
3661,97.0
6909,4.0
2999,0.0
10122,16.0
9164,98.0
1938,6.0
4339,6.0
5604,6.0
7426,0.0
5037,98.0
3408,0.0
9197,4.0
9573,95.0
9168,94.0
1991,0.0
4896,8.0
5373,94.0
9200,0.0
9162,8.0
563,0.0
8435,0.0
96,4.0
3177,0.0
9675,0.0
8756,2.0
3081,6.0
3176,0.0
7313,0.0
4558,94.0
8309,10.0
315,95.0
10173,0.0
1621,97.0
5873,96.0
1700,0.0
6548,4.0
10231,98.0
7184,6.0
2146,0.0
1931,4.0
5893,100.0
8992,0.0
5274,0.0
7868,12.0
3603,99.0
5181,100.0
933,14.0
4829,0.0
6954,84.0
8941,94.0
1588,94.0
5341,96.0
9000,0.0
8975,0.0
4214,0.0
6939,94.0
5837,89.0
4818,0.0
4080,11.0
10871,0.0
7976,2.0
10535,0.0
5641,8.0
10655,0.0
1997,0.0
5164,2.0
6666,0.0
5851,4.0
557,18.0
649,94.0
2872,92.0
5099,2.0
10781,12.0
8330,94.0
5109,98.0
6341,0.0
2592,0.0
5768,92.0
8006,94.0
1472,4.0
4948,95.0
1077,2.0
1347,32.0
5050,93.0
789,14.0
3355,96.0
4460,97.0
778,97.0
2560,96.0
5288,0.0
10178,0.0
8727,0.0
204,2.0
2627,100.0
3678,8.0
3609,0.0
2759,16.0
9565,97.0
9225,95.0
3134,6.0
1006,0.0
105,92.0
7994,96.0
8767,99.0
9850,0.0
9975,8.0
991,0.0
818,0.0
5072,0.0
7663,99.0
659,100.0
5426,96.0
5451,97.0
637,4.0
2469,8.0
2324,97.0
246,0.0
4539,16.0
9917,93.0
8774,0.0
6648,0.0
6371,94.0
4073,8.0
8713,14.0
4350,0.0
5211,0.0
8483,0.0
9364,0.0
5834,89.0
779,0.0
3061,6.0
10656,0.0
6665,0.0
6301,8.0
5849,24.0
2673,0.0
8263,0.0
7554,100.0
4597,4.0
727,4.0
9102,7.0
5788,8.0
4097,100.0
3268,98.0
5216,0.0
8265,8.0
2067,5.0
6394,0.0
5972,0.0
1583,0.0
791,4.0
8261,93.0
5115,99.0
3075,10.0
10532,0.0
6949,82.0
7073,86.0
4053,91.0
1851,14.0
4604,12.0
7171,2.0
8080,96.0
9291,100.0
4932,94.0
5777,98.0
1022,98.0
6474,2.0
2058,7.0
7974,99.0
9953,4.0
9644,4.0
2706,100.0
6636,0.0
8288,97.0
2083,2.0
3876,98.0
247,18.0
1073,93.0
5816,98.0
6413,0.0
286,95.0
2479,97.0
10450,2.0
8534,94.0
7248,4.0
482,10.0
5039,99.0
10667,100.0
4662,0.0
1205,12.0
489,0.0
4201,0.0
6779,95.0
6333,96.0
6487,0.0
5836,97.0
1465,8.0
7113,93.0
10279,97.0
1817,4.0
600,96.0
2062,92.0
8535,4.0
9160,0.0
650,0.0
8356,8.0
4760,2.0
1582,0.0
1959,2.0
9553,0.0
5382,95.0
10749,4.0
4786,2.0
8103,99.0
3168,0.0
10550,0.0
10504,9.0
6893,91.0
5172,0.0
539,98.0
10916,0.0
6191,97.0
6824,2.0
5883,100.0
9354,0.0
384,0.0
6945,91.0
2439,0.0
10000,0.0
5455,98.0
8433,0.0
4277,4.0
1501,96.0
3297,96.0
1543,0.0
6442,94.0
9918,96.0
2960,12.0
6784,12.0
9439,94.0
8131,0.0
7883,98.0
2415,0.0
9747,0.0
6536,99.0
1294,2.0
3545,93.0
10683,99.0
2688,5.0
6412,0.0
10354,5.0
7493,0.0
7058,0.0
10919,0.0
9178,5.0
4280,6.0
8688,6.0
5853,4.0
5238,10.0
7996,3.0
2278,2.0
272,98.0
814,2.0
2773,99.0
3243,0.0
9933,96.0
9024,96.0
3324,4.0
735,6.0
5636,97.0
3429,0.0
645,8.0
10387,2.0
1681,0.0
57,30.0
633,7.0
6754,97.0
10943,0.0
7942,6.0
3004,0.0
9061,95.0
9212,93.0
7577,4.0
1937,13.0
5516,4.0
10081,98.0
6865,10.0
1935,4.0
4358,0.0
2265,0.0
5478,0.0
8382,0.0
1707,0.0
806,0.0
9189,5.0
3037,16.0
1977,5.0
4537,10.0
9094,9.0
6201,98.0
2499,0.0
4716,11.0
1289,96.0
95,5.0
9128,2.0
158,0.0
7573,97.0
4719,10.0
1076,95.0
743,4.0
5705,0.0
6397,0.0
9985,0.0
7607,0.0
5262,0.0
3569,90.0
2778,96.0
174,4.0
10152,98.0
2420,97.0
1755,99.0
2185,4.0
3428,0.0
3236,0.0
10557,0.0
2368,4.0
9623,97.0
6815,8.0
2383,97.0
212,90.0
7941,4.0
4725,93.0
3247,0.0
4507,4.0
2395,0.0
6590,0.0
1483,94.0
4980,0.0
5800,6.0
8926,16.0
3114,90.0
6330,9.0
8712,96.0
2767,83.0
907,97.0
1085,96.0
8666,0.0
5206,0.0
5656,6.0
9692,4.0
7777,8.0
9368,0.0
7492,0.0
10033,95.0
7924,4.0
4442,6.0
9185,0.0
6975,95.0
914,92.0
6488,0.0
9910,4.0
9050,97.0
6563,28.0
2143,0.0
1343,6.0
8494,10.0
194,8.0
793,100.0
8172,95.0
7579,95.0
7236,3.0
6707,10.0
45,0.0
10697,0.0
3907,0.0
88,7.0
1745,4.0
2204,4.0
4587,4.0
2528,0.0
2465,0.0
9949,2.0
2359,8.0
10010,95.0
5500,0.0
8967,0.0
8922,0.0
8347,95.0
1553,0.0
5325,100.0
1506,2.0
8582,0.0
6350,94.0
7260,97.0
7039,0.0
8543,13.0
1999,2.0
1585,0.0
8996,0.0
9576,4.0
7057,0.0
6856,14.0
986,0.0
5166,100.0
10313,95.0
10287,92.0
10681,4.0
1499,91.0
10496,16.0
2534,6.0
5308,100.0
6537,6.0
8174,96.0
4363,0.0
3158,0.0
9688,92.0
8681,4.0
7682,0.0
4361,0.0
8999,97.0
2977,100.0
5093,97.0
5533,16.0
1017,8.0
7449,0.0
4945,88.0
1699,0.0
10567,0.0
8846,97.0
6761,98.0
7511,0.0
4989,0.0
1575,0.0
10385,99.0
1536,96.0
136,0.0
3621,97.0
5414,4.0
4481,97.0
8253,93.0
8090,6.0
4919,95.0
7318,0.0
5805,6.0
5650,2.0
9528,0.0
109,2.0
8749,0.0
577,2.0
716,98.0
1299,0.0
10940,0.0
8515,21.0
1540,0.0
1970,5.0
7224,4.0
7755,0.0
4417,4.0
167,0.0
6273,97.0
8457,0.0
6313,97.0
8183,95.0
3796,98.0
2126,14.0
3667,92.0
1062,9.0
5153,1.0
4033,96.0
6355,95.0
8882,0.0
10445,87.0
4432,0.0
5734,0.0
10059,98.0
5065,92.0
7826,95.0
4107,0.0
5404,0.0
5664,3.0
8117,97.0
647,0.0
3508,18.0
9590,97.0
8300,99.0
1674,0.0
3541,98.0
10255,99.0
5452,99.0
5315,98.0
2763,92.0
6476,0.0
9177,95.0
5338,6.0
6083,0.0
9114,4.0
9425,100.0
2226,97.0
10795,2.0
4887,96.0
669,0.0
5078,95.0
1351,99.0
5818,6.0
2593,0.0
3331,95.0
7954,8.0
2921,93.0
1476,98.0
2880,95.0
9399,98.0
7871,93.0
2565,95.0
8039,0.0
4170,98.0
817,0.0
2575,95.0
6141,10.0
9020,6.0
3514,12.0
10582,2.0
2613,0.0
7416,0.0
2107,4.0
2690,8.0
2730,98.0
8933,0.0
3139,95.0
5646,10.0
5910,0.0
1486,91.0
3353,97.0
8389,0.0
10854,0.0
5738,18.0
2046,0.0
3566,95.0
2374,100.0
8406,20.0
1116,95.0
1050,97.0
2791,8.0
6215,95.0
1281,100.0
10662,0.0
523,2.0
6205,92.0
8124,96.0
1497,94.0
10209,0.0
8860,0.0
2106,6.0
4168,5.0
2919,4.0
6532,98.0
4343,0.0
10628,0.0
9983,98.0
5905,6.0
5817,0.0
6908,2.0
9054,18.0
1296,98.0
6892,8.0
4365,0.0
9391,0.0
1075,99.0
8290,100.0
9064,93.0
8191,98.0
7217,0.0
10011,0.0
5316,6.0
4611,90.0
9370,0.0
1012,96.0
6519,0.0
6961,99.0
2288,90.0
6185,97.0
7516,0.0
4503,97.0
8095,2.0
2081,0.0
6988,91.0
1879,0.0
8667,10.0
1185,95.0
3036,0.0
10840,8.0
6207,26.0
9288,97.0
631,99.0
7093,10.0
9914,95.0
8663,3.0
7694,98.0
10572,0.0
10208,0.0
7259,5.0
10193,0.0
1459,99.0
1944,14.0
7306,0.0
1809,5.0
922,97.0
6028,0.0
7887,94.0
37,0.0
5130,4.0
4294,97.0
6607,95.0
10709,0.0
1305,97.0
7841,30.0
10016,0.0
3277,100.0
1447,98.0
7646,15.0
5862,97.0
9469,98.0
7551,0.0
8537,91.0
8836,96.0
721,99.0
2987,6.0
4219,0.0
3098,86.0
9859,0.0
10545,0.0
1854,0.0
3160,0.0
8307,96.0
5649,3.0
7101,95.0
3156,0.0
2210,16.0
7559,0.0
5589,98.0
4642,3.0
7358,6.0
5318,99.0
9027,8.0
10569,4.0
10055,8.0
8555,0.0
10873,6.0
1048,97.0
1903,0.0
9194,2.0
10422,0.0
891,95.0
3925,0.0
181,99.0
1710,0.0
9969,3.0
119,4.0
6566,96.0
2896,97.0
8791,4.0
1709,0.0
1421,94.0
7072,94.0
58,4.0
3695,8.0
472,1.0
2450,0.0
5505,2.0
7405,17.0
5446,8.0
9923,11.0
5081,4.0
10531,0.0
1411,14.0
8956,0.0
5643,98.0
1277,100.0
10254,96.0
5746,5.0
1314,92.0
8350,0.0
7049,0.0
1310,14.0
4020,4.0
776,97.0
3290,98.0
7175,2.0
10435,0.0
9755,0.0
6603,96.0
5410,98.0
7919,0.0
2276,97.0
7732,100.0
2205,8.0
8764,96.0
3131,10.0
9719,13.0
8224,95.0
3740,98.0
570,96.0
7921,0.0
5606,0.0
4119,0.0
9211,98.0
8495,2.0
6946,94.0
4831,0.0
10950,0.0
10548,0.0
4390,0.0
7927,4.0
1407,98.0
3881,96.0
1492,91.0
9330,0.0
4022,97.0
6421,97.0
7120,88.0
9432,98.0
824,97.0
5755,11.0
9103,0.0
6629,95.0
8019,0.0
9645,4.0
7886,99.0
1034,0.0
6366,8.0
8204,20.0
6102,14.0
10695,0.0
3509,10.0
10945,0.0
6471,96.0
2301,98.0
9156,8.0
4555,98.0
582,98.0
2491,95.0
10485,2.0
10168,0.0
2849,100.0
6312,98.0
6462,6.0
10020,99.0
4180,2.0
1047,98.0
3535,12.0
5822,97.0
5894,100.0
469,97.0
3256,0.0
8700,10.0
9395,0.0
1445,93.0
2113,97.0
7806,0.0
7033,0.0
5936,0.0
366,0.0
4313,2.0
10465,8.0
3778,96.0
10525,0.0
10106,4.0
3045,97.0
3286,98.0
3107,0.0
9440,98.0
7367,20.0
6569,0.0
6971,92.0
2630,96.0
5804,4.0
9244,91.0
851,97.0
5186,31.0
442,0.0
8657,2.0
4575,98.0
7751,0.0
1280,1.0
2240,98.0
2009,6.0
3184,2.0
8731,99.0
6171,0.0
10607,4.0
4706,99.0
3688,0.0
617,18.0
7537,0.0
5811,99.0
10901,15.0
10278,94.0
2014,93.0
9179,98.0
1811,0.0
1673,0.0
7724,0.0
6454,16.0
10816,2.0
7801,0.0
1275,0.0
4837,0.0
1952,4.0
10576,6.0
1754,96.0
9369,0.0
5596,4.0
5858,92.0
3836,90.0
4639,96.0
9157,8.0
3323,8.0
4029,97.0
3927,0.0
8759,94.0
1477,2.0
1638,6.0
1650,14.0
7983,99.0
551,14.0
6441,0.0
1266,0.0
3480,100.0
7,0.0
5733,0.0
9722,96.0
1105,89.0
5904,8.0
3521,98.0
2714,92.0
5632,8.0
10713,0.0
7237,10.0
9988,10.0
8233,95.0
3504,98.0
10171,0.0
1390,95.0
5731,99.0
5051,8.0
8827,8.0
7143,92.0
3685,0.0
10242,2.0
1471,26.0
8112,99.0
10699,0.0
3588,96.0
1666,0.0
7756,0.0
5154,0.0
3105,0.0
4304,0.0
4857,99.0
5933,6.0
9472,94.0
6485,0.0
205,95.0
3906,4.0
5363,97.0
4196,0.0
9613,95.0
1369,12.0
6100,14.0
956,98.0
1490,93.0
10493,2.0
5861,94.0
5949,4.0
6351,94.0
6837,95.0
10309,8.0
4745,96.0
8007,0.0
3159,0.0
996,4.0
5615,0.0
6817,96.0
367,0.0
6069,96.0
2682,100.0
5215,0.0
2943,98.0
8816,97.0
1433,0.0
8758,94.0
5337,4.0
2719,12.0
888,0.0
6812,2.0
2929,4.0
409,0.0
7742,8.0
2411,0.0
7986,6.0
1804,0.0
9004,4.0
2833,0.0
3085,96.0
7162,0.0
7520,0.0
3007,0.0
5888,22.0
8437,0.0
4997,0.0
8932,0.0
6790,8.0
2859,92.0
2484,98.0
1562,0.0
10140,94.0
9507,4.0
8717,96.0
8084,95.0
3903,99.0
4037,10.0
8766,2.0
5191,0.0
6937,2.0
10609,100.0
7538,0.0
5575,10.0
7945,97.0
354,0.0
8272,98.0
9679,95.0
1729,6.0
3313,0.0
6496,0.0
5201,0.0
6039,100.0
6470,95.0
10285,90.0
10900,99.0
8312,4.0
4120,0.0
6146,93.0
5214,0.0
456,4.0
8428,0.0
709,99.0
3572,12.0
3883,0.0
5080,8.0
1498,97.0
7263,16.0
8817,98.0
2726,94.0
10762,2.0
8004,6.0
7106,95.0
1406,0.0
4003,97.0
4204,0.0
4890,98.0
10025,96.0
10363,97.0
3021,0.0
10893,11.0
7081,98.0
3204,2.0
3143,4.0
4523,8.0
210,95.0
1059,99.0
7127,96.0
9521,95.0
8215,0.0
5435,96.0
7798,87.0
5835,99.0
1728,98.0
10036,99.0
3592,10.0
3151,0.0
9068,93.0
5024,91.0
9563,93.0
4247,100.0
5587,19.0
869,12.0
5724,10.0
6625,93.0
10736,19.0
6869,98.0
4900,95.0
3733,4.0
7200,32.0
4633,4.0
7168,6.0
680,0.0
8829,98.0
6265,9.0
9071,0.0
5674,0.0
6807,97.0
3451,0.0
5813,1.0
1240,0.0
2841,0.0
10170,0.0
9708,4.0
4049,94.0
2537,8.0
7441,0.0
1475,16.0
3269,94.0
7174,8.0
4487,96.0
9885,0.0
4884,94.0
3966,0.0
4839,0.0
4322,4.0
7103,95.0
2348,0.0
9916,4.0
639,4.0
1554,0.0
4282,2.0
1971,0.0
3742,8.0
923,95.0
1928,93.0
6900,99.0
681,0.0
7502,0.0
3317,100.0
8811,0.0
2954,4.0
7390,10.0
2231,0.0
486,11.0
4531,4.0
7713,10.0
9270,100.0
5911,2.0
4950,90.0
3703,6.0
2095,98.0
905,4.0
2422,100.0
2511,1.0
8952,0.0
1102,99.0
53,4.0
1267,0.0
6396,0.0
5402,8.0
5021,0.0
2256,98.0
5517,14.0
9403,0.0
2858,97.0
1920,10.0
1629,10.0
10791,8.0
7126,18.0
9384,0.0
554,18.0
3155,0.0
4905,4.0
7272,0.0
5938,0.0
355,99.0
8370,98.0
3418,0.0
2220,4.0
8719,0.0
7203,4.0
9119,99.0
6610,100.0
4610,4.0
2086,97.0
1106,94.0
1654,98.0
6429,0.0
1899,0.0
9805,96.0
6952,94.0
5299,0.0
401,0.0
623,4.0
10138,93.0
10350,0.0
2025,7.0
1760,0.0
7700,12.0
989,0.0
2752,8.0
6538,20.0
1867,0.0
8760,14.0
9195,0.0
8452,0.0
8328,99.0
8136,6.0
2409,0.0
3417,0.0
9724,100.0
3426,0.0
1040,8.0
9112,98.0
750,99.0
4505,97.0
953,98.0
4078,4.0
5525,4.0
707,97.0
2006,6.0
1078,2.0
8930,5.0
8432,0.0
9237,10.0
6009,0.0
2745,18.0
133,0.0
10775,2.0
1257,0.0
2478,10.0
10753,8.0
7509,0.0
2000,96.0
8709,4.0
8077,0.0
8133,0.0
2100,0.0
10507,4.0
2810,95.0
5224,0.0
5484,0.0
7635,0.0
10792,0.0
8724,4.0
2524,99.0
3824,0.0
1234,99.0
2966,6.0
8113,96.0
5857,4.0
4164,9.0
5292,0.0
7308,0.0
10619,100.0
2410,0.0
1367,18.0
4454,96.0
3580,6.0
5473,0.0
10787,12.0
3756,0.0
7895,7.0
1111,93.0
4182,96.0
4409,0.0
249,6.0
10708,0.0
8929,100.0
9006,12.0
1781,0.0
1336,8.0
9446,98.0
713,99.0
3326,0.0
2764,0.0
7102,94.0
9602,0.0
9517,12.0
810,4.0
8608,0.0
3593,14.0
725,0.0
10064,98.0
8378,4.0
502,0.0
4406,7.0
6372,97.0
3284,95.0
5512,7.0
6094,100.0
6041,95.0
7969,0.0
9806,97.0
2942,14.0
1069,0.0
5696,0.0
4545,100.0
2909,95.0
3500,16.0
5969,0.0
10860,4.0
9191,97.0
1577,0.0
10899,99.0
3803,97.0
6766,97.0
8503,2.0
3631,0.0
5865,94.0
3837,98.0
427,97.0
7371,13.0
4461,96.0
5419,0.0
3371,96.0
3747,95.0
1200,6.0
4845,0.0
898,4.0
2209,17.0
1835,5.0
2508,10.0
4782,6.0
4287,91.0
9886,0.0
10706,0.0
7208,4.0
9146,8.0
1010,96.0
1788,0.0
1413,94.0
2085,0.0
8048,0.0
10411,0.0
8025,0.0
1386,16.0
7525,0.0
5330,0.0
5173,0.0
9166,88.0
5708,0.0
10936,0.0
4225,11.0
1272,0.0
5118,95.0
7912,100.0
8498,2.0
8919,30.0
511,6.0
3496,96.0
6859,0.0
3579,8.0
3971,95.0
5329,99.0
6113,4.0
10754,0.0
9752,0.0
6343,99.0
3986,95.0
2625,93.0
4933,96.0
5245,32.0
7793,95.0
6643,0.0
6714,98.0
10838,2.0
1440,97.0
5881,0.0
6827,96.0
7904,4.0
1845,8.0
183,0.0
10151,96.0
2845,5.0
5584,4.0
4138,0.0
9133,97.0
5792,0.0
9422,2.0
10650,0.0
8218,94.0
4803,0.0
1424,8.0
10318,8.0
9106,97.0
3568,96.0
6373,4.0
3146,0.0
2255,96.0
7484,6.0
6529,98.0
9629,6.0
5871,96.0
10306,0.0
2970,4.0
2993,0.0
5361,100.0
1542,0.0
1758,0.0
665,0.0
4554,5.0
359,95.0
4538,0.0
10303,90.0
7160,98.0
8752,8.0
2073,4.0
9756,0.0
930,92.0
2980,95.0
664,0.0
10399,0.0
7696,2.0
5151,8.0
5902,15.0
483,16.0
3394,97.0
1724,85.0
8954,0.0
1880,0.0
5175,3.0
4663,0.0
2817,98.0
6963,0.0
1960,99.0
5985,0.0
5261,0.0
6844,96.0
3583,10.0
10134,98.0
8602,91.0
4620,99.0
8746,0.0
3556,14.0
6715,0.0
3497,97.0
8569,0.0
5627,19.0
422,98.0
5672,0.0
10627,0.0
3492,96.0
2961,97.0
6121,6.0
768,97.0
754,85.0
6986,95.0
7710,4.0
8060,0.0
8130,93.0
6956,94.0
1318,14.0
4057,12.0
10941,0.0
5735,6.0
7786,6.0
5992,0.0
3916,12.0
2879,95.0
1405,95.0
2897,97.0
8365,0.0
799,4.0
5593,4.0
858,12.0
3202,6.0
8651,0.0
3918,6.0
7448,0.0
10801,2.0
3112,8.0
6281,10.0
5247,95.0
8909,4.0
10536,0.0
8721,10.0
1504,94.0
10471,97.0
4680,0.0
6814,2.0
10793,0.0
9650,97.0
9865,0.0
2652,16.0
6209,30.0
4469,97.0
5170,96.0
10015,0.0
3322,0.0
3337,96.0
8310,4.0
3694,16.0
6210,4.0
8149,100.0
8189,13.0
9190,2.0
8294,94.0
2975,8.0
8326,96.0
7048,0.0
9268,12.0
1523,97.0
4784,4.0
3178,10.0
7671,0.0
10881,0.0
198,5.0
6886,96.0
10932,0.0
10175,0.0
673,0.0
3490,0.0
2576,95.0
10513,4.0
1231,4.0
10544,0.0
3230,4.0
2518,14.0
2615,0.0
3180,0.0
3893,8.0
2843,93.0
10580,6.0
1049,95.0
10769,4.0
10679,0.0
7360,13.0
6834,0.0
7164,0.0
8298,95.0
3549,95.0
9435,99.0
10796,0.0
1531,98.0
1794,0.0
854,14.0
6932,94.0
4011,99.0
10824,0.0
479,87.0
9202,6.0
2188,100.0
5377,99.0
1993,4.0
9554,98.0
619,6.0
1325,97.0
9869,0.0
8907,6.0
2595,0.0
616,0.0
4466,96.0
3211,4.0
2795,96.0
7218,10.0
906,8.0
3406,0.0
880,6.0
3009,0.0
5538,7.0
9144,0.0
3439,0.0
9218,94.0
6612,95.0
618,14.0
2325,96.0
5143,4.0
5450,100.0
8499,16.0
7690,0.0
4068,99.0
332,93.0
3065,12.0
4881,99.0
5699,0.0
3563,8.0
9475,99.0
8841,4.0
5456,96.0
1101,94.0
3675,10.0
8445,0.0
10510,4.0
591,4.0
1489,0.0
150,0.0
5960,6.0
1802,0.0
8560,6.0
8480,0.0
6078,3.0
8556,14.0
4209,0.0
3096,100.0
4189,0.0
8885,0.0
3041,0.0
6897,4.0
7098,0.0
6040,96.0
3787,90.0
9471,97.0
6818,99.0
5061,95.0
4490,12.0
6198,22.0
517,0.0
8207,6.0
4488,0.0
7037,0.0
3034,0.0
10335,4.0
10475,2.0
7515,0.0
5270,0.0
6627,2.0
10669,96.0
10107,93.0
5752,24.0
3372,100.0
10723,0.0
2751,18.0
947,98.0
10159,0.0
5749,99.0
2467,0.0
4785,8.0
4789,98.0
1306,100.0
4386,0.0
8397,97.0
8331,0.0
7372,8.0
7452,0.0
4063,0.0
9163,4.0
474,89.0
9527,0.0
5436,94.0
6440,94.0
61,10.0
8849,0.0
3142,12.0
3196,4.0
324,95.0
4929,98.0
10698,0.0
6649,0.0
5781,2.0
1908,0.0
8895,8.0
935,0.0
8470,95.0
3077,14.0
2416,2.0
10410,0.0
9377,0.0
7661,4.0
8387,0.0
7133,96.0
4665,0.0
590,97.0
6663,0.0
3513,0.0
4687,0.0
10251,0.0
3443,98.0
1145,94.0
722,1.0
4233,13.0
5235,0.0
2065,8.0
9757,0.0
10746,99.0
8278,88.0
9834,2.0
1992,99.0
10722,0.0
7870,94.0
504,4.0
10126,98.0
4704,94.0
6134,4.0
10823,2.0
4684,99.0
7350,100.0
567,98.0
5479,0.0
856,94.0
11,8.0
8851,8.0
2808,0.0
8654,0.0
2868,99.0
2035,0.0
19,8.0
10228,8.0
9018,96.0
4293,99.0
10768,12.0
4230,10.0
8591,99.0
6846,98.0
4418,100.0
6263,4.0
3722,0.0
6406,0.0
6743,8.0
6061,2.0
10891,0.0
5002,0.0
10211,0.0
1640,0.0
8413,0.0
10908,0.0
1252,0.0
1698,0.0
4326,6.0
1057,96.0
8531,2.0
3805,98.0
2371,4.0
5083,97.0
3386,11.0
8633,0.0
2070,10.0
7223,0.0
4676,0.0
9332,0.0
1861,99.0
8938,97.0
9838,11.0
2811,0.0
10517,10.0
4957,95.0
8286,4.0
3904,98.0
1191,99.0
8613,0.0
944,0.0
7750,0.0
8463,97.0
7790,4.0
4323,10.0
1558,0.0
3872,88.0
4114,0.0
142,0.0
4012,8.0
2339,94.0
6709,100.0
146,0.0
10541,0.0
2926,99.0
3255,0.0
1730,98.0
3006,0.0
4515,94.0
689,0.0
5085,93.0
8972,0.0
1063,94.0
951,2.0
10649,0.0
6819,7.0
6717,95.0
6374,93.0
2541,0.0
87,2.0
3607,8.0
9031,97.0
3053,94.0
6125,20.0
3476,94.0
2488,97.0
10037,96.0
289,15.0
478,96.0
2863,4.0
1301,4.0
6222,99.0
5955,0.0
6387,98.0
9230,8.0
5384,100.0
7985,2.0
8742,8.0
9266,10.0
4519,22.0
6736,2.0
7896,94.0
10324,3.0
7005,94.0
9954,10.0
8567,10.0
8621,0.0
2282,0.0
5279,0.0
999,0.0
10034,100.0
6977,96.0
6810,99.0
4024,8.0
7089,97.0
6001,0.0
936,1.0
1397,97.0
10466,0.0
7733,4.0
5389,0.0
7025,0.0
10467,85.0
9150,4.0
10008,97.0
10241,6.0
6703,8.0
5087,4.0
8073,2.0
839,95.0
2744,4.0
6316,97.0
5601,100.0
6402,0.0
2542,6.0
4962,90.0
7702,99.0
3197,0.0
2336,0.0
7438,0.0
2907,4.0
10646,0.0
4212,0.0
4346,0.0
3049,94.0
3002,0.0
6616,96.0
1114,94.0
306,8.0
4370,0.0
8415,97.0
9514,18.0
4973,0.0
2152,0.0
4155,0.0
6985,9.0
5570,99.0
3199,2.0
6455,2.0
3562,0.0
7603,0.0
1705,0.0
4206,0.0
782,6.0
10559,0.0
1446,4.0
6360,14.0
5718,0.0
7794,93.0
93,0.0
10776,0.0
10110,18.0
8517,4.0
8219,95.0
3868,84.0
2487,98.0
8551,2.0
1567,0.0
4331,12.0
6415,0.0
2019,0.0
5870,92.0
606,0.0
4994,0.0
3363,100.0
8532,7.0
962,0.0
9136,99.0
467,4.0
3032,11.0
10416,0.0
7481,5.0
7737,96.0
9465,6.0
9111,4.0
1270,0.0
10812,0.0
10922,0.0
7717,4.0
4634,98.0
4917,4.0
2749,96.0
3634,0.0
5217,0.0
9664,6.0
8595,98.0
10819,10.0
6780,18.0
6464,7.0
10829,3.0
4144,0.0
339,94.0
10882,12.0
10038,90.0
4744,90.0
9770,100.0
8762,0.0
390,0.0
8177,95.0
8242,99.0
3522,93.0
6060,96.0
437,100.0
7465,0.0
7669,0.0
5,93.0
10554,0.0
2161,0.0
7548,4.0
10676,100.0
2158,0.0
3083,4.0
584,0.0
6513,0.0
9637,94.0
2883,100.0
3059,6.0
8092,20.0
8327,97.0
5380,6.0
10049,98.0
6588,85.0
1720,0.0
4761,95.0
3046,92.0
7235,0.0
9680,100.0
4740,96.0
4667,0.0
6596,0.0
7342,6.0
5167,100.0
7888,4.0
10398,0.0
7518,0.0
6507,0.0
2696,12.0
7749,0.0
1619,4.0
7131,99.0
7177,0.0
3,8.0
2851,100.0
2772,10.0
5086,99.0
307,0.0
10,100.0
2063,4.0
10426,0.0
1427,24.0
6277,93.0
2053,6.0
4779,18.0
6674,90.0
8223,95.0
2474,98.0
1089,10.0
10353,96.0
333,95.0
9627,0.0
10311,8.0
9131,0.0
4647,0.0
4570,10.0
1895,0.0
161,0.0
460,0.0
3200,10.0
7965,95.0
7967,92.0
8982,0.0
9643,4.0
7687,0.0
8822,0.0
6384,97.0
1651,86.0
507,0.0
6432,97.0
2962,98.0
4359,0.0
6570,96.0
10342,20.0
9534,96.0
1994,100.0
7744,0.0
6131,4.0
7510,0.0
9066,86.0
1093,2.0
3650,99.0
10909,0.0
6680,6.0
2558,96.0
2237,12.0
3453,10.0
836,98.0
10588,8.0
8883,8.0
8485,0.0
4855,0.0
6027,0.0
9700,8.0
6160,97.0
4840,0.0
252,4.0
6533,98.0
10071,98.0
2453,0.0
7879,97.0
3109,4.0
392,0.0
4661,0.0
1878,0.0
783,0.0
1175,0.0
4591,0.0
2737,10.0
2440,0.0
3693,4.0
8625,0.0
1437,98.0
178,4.0
4147,0.0
1613,0.0
8696,16.0
10195,0.0
8741,8.0
7718,5.0
1981,4.0
3818,18.0
7145,95.0
2693,98.0
4651,0.0
10414,0.0
8220,94.0
7561,98.0
1215,100.0
10012,94.0
8049,0.0
7500,0.0
9235,6.0
2948,14.0
1223,4.0
387,0.0
9319,6.0
6268,4.0
9188,98.0
4506,95.0
1452,90.0
4458,100.0
337,98.0
5264,0.0
6710,4.0
8355,0.0
9956,18.0
2923,100.0
9749,0.0
5428,26.0
8684,4.0
3289,97.0
10002,95.0
9750,0.0
1288,97.0
1988,4.0
4038,6.0
5470,0.0
3817,4.0
71,4.0
3950,0.0
4378,0.0
5431,8.0
6252,15.0
9236,4.0
7817,96.0
1896,0.0
98,0.0
7988,94.0
1184,90.0
2417,99.0
3773,92.0
7785,10.0
5017,96.0
9142,10.0
9915,4.0
1094,92.0
8195,98.0
6573,13.0
317,94.0
1771,0.0
3980,94.0
300,95.0
7932,8.0
3229,13.0
9912,18.0
4713,2.0
7972,100.0
4974,0.0
1060,93.0
8046,0.0
8734,4.0
7831,12.0
3542,96.0
870,0.0
9151,0.0
2232,0.0
7470,94.0
9763,0.0
6514,0.0
1129,97.0
9791,88.0
3296,96.0
4511,0.0
10740,0.0
4308,4.0
10332,0.0
2723,0.0
941,97.0
6143,2.0
7752,0.0
2452,0.0
9617,98.0
6300,4.0
8239,97.0
6052,93.0
10778,0.0
10326,95.0
4876,95.0
2902,0.0
10652,0.0
7415,0.0
2568,28.0
10403,0.0
937,97.0
5830,98.0
8479,0.0
4802,0.0
6696,95.0
7781,0.0
5178,10.0
3136,2.0
9049,97.0
426,97.0
745,2.0
687,0.0
5060,0.0
678,0.0
4336,91.0
6870,91.0
7165,0.0
9523,4.0
3463,12.0
5332,98.0
5551,0.0
10526,0.0
5333,9.0
8622,0.0
1450,0.0
2681,9.0
3723,8.0
5018,2.0
7574,100.0
9542,95.0
459,0.0
9577,93.0
6370,4.0
5052,16.0
925,99.0
10487,4.0
8672,22.0
3391,10.0
6483,0.0
9748,0.0
4671,0.0
3175,2.0
4816,0.0
6450,4.0
2124,8.0
4397,8.0
8436,0.0
8240,11.0
7433,0.0
3844,97.0
83,0.0
7630,0.0
3464,99.0
3069,8.0
3012,0.0
1033,94.0
9823,99.0
9721,2.0
5598,0.0
1573,0.0
871,93.0
3318,3.0
10259,94.0
6567,95.0
331,95.0
6448,2.0
8828,95.0
3090,10.0
9952,4.0
3812,6.0
1714,0.0
3188,12.0
5025,8.0
8324,0.0
2610,0.0
1138,96.0
5198,0.0
890,0.0
10123,4.0
9931,9.0
494,2.0
7258,2.0
4166,6.0
7659,0.0
5715,2.0
4207,0.0
9246,98.0
3765,4.0
8368,96.0
982,0.0
4923,96.0
6549,34.0
3719,99.0
4228,100.0
2011,0.0
1796,0.0
765,98.0
4991,0.0
1601,95.0
3341,0.0
7847,2.0
2,99.0
675,0.0
8693,4.0
8236,97.0
2804,12.0
4335,4.0
428,98.0
4811,0.0
4301,6.0
7685,0.0
653,98.0
10755,12.0
671,0.0
10574,100.0
2182,97.0
5354,95.0
6571,96.0
10680,4.0
5237,0.0
260,0.0
2308,8.0
3714,0.0
6816,97.0
2997,0.0
9714,2.0
10207,0.0
7195,8.0
164,0.0
10224,98.0
5680,0.0
265,2.0
3930,0.0
3774,93.0
8424,0.0
2337,99.0
5231,0.0
6319,18.0
702,92.0
2051,20.0
3962,0.0
10949,0.0
5248,0.0
2384,95.0
7429,0.0
1887,0.0
9259,97.0
2274,97.0
1027,0.0
5009,0.0
6642,0.0
7963,0.0
965,0.0
9937,6.0
8372,4.0
9170,98.0
2433,99.0
5559,0.0
4474,97.0
6832,12.0
106,10.0
2472,16.0
1000,4.0
9818,0.0
9132,96.0
4585,4.0
10700,0.0
7430,0.0
5599,95.0
7648,96.0
6116,8.0
9741,0.0
5540,8.0
1603,4.0
1158,96.0
7014,98.0
9972,6.0
2674,18.0
1053,10.0
10369,98.0
7319,0.0
1763,0.0
1297,0.0
4572,99.0
6091,0.0
8097,93.0
5322,97.0
68,2.0
8980,0.0
2043,0.0
2864,98.0
6742,4.0
1661,0.0
1549,0.0
6509,0.0
6655,0.0
7666,0.0
8702,9.0
3350,93.0
3628,0.0
76,4.0
3846,95.0
1561,0.0
5709,0.0
6256,97.0
6101,10.0
7601,0.0
8971,0.0
5352,6.0
10725,0.0
9169,96.0
8209,6.0
4715,98.0
4794,7.0
2118,12.0
10245,96.0
9855,0.0
1909,0.0
6241,96.0
3329,4.0
10834,0.0
847,0.0
2782,0.0
6401,0.0
301,0.0
8660,96.0
7269,10.0
2728,98.0
7428,0.0
903,98.0
8669,0.0
4971,0.0
2300,94.0
9516,14.0
7523,0.0
2404,0.0
5350,14.0
7234,6.0
356,4.0
5995,0.0
1080,96.0
229,10.0
6182,99.0
861,94.0
9316,97.0
4641,2.0
3503,98.0
10872,20.0
3669,98.0
5145,94.0
4332,8.0
8003,6.0
6095,0.0
9175,98.0
298,96.0
8631,0.0
10101,96.0
2495,6.0
10675,98.0
2965,99.0
4059,95.0
7556,100.0
2881,94.0
5872,94.0
4953,8.0
6014,0.0
1936,94.0
5067,18.0
9716,2.0
8184,98.0
8763,99.0
10147,93.0
7411,0.0
2815,0.0
7320,0.0
3921,0.0
10073,98.0
973,0.0
6495,0.0
420,95.0
8604,14.0
2259,95.0
10726,0.0
5006,100.0
2498,0.0
6584,97.0
5790,4.0
8096,96.0
10643,0.0
658,100.0
6128,95.0
525,8.0
2198,26.0
9977,10.0
5040,96.0
4467,98.0
5753,10.0
3532,97.0
5133,93.0
1704,0.0
4600,95.0
4484,12.0
7148,18.0
2865,95.0
1312,0.0
7296,0.0
697,0.0
8715,92.0
7333,0.0
4191,0.0
40,18.0
4456,95.0
6258,97.0
2983,4.0
4551,99.0
8171,98.0
10530,0.0
2156,0.0
7463,0.0
6556,4.0
9559,96.0
10592,6.0
1770,0.0
7937,4.0
682,0.0
5197,0.0
4734,96.0
2886,95.0
6661,0.0
703,99.0
1826,100.0
1398,6.0
4749,0.0
1290,98.0
6310,13.0
7121,99.0
4095,5.0
9441,97.0
3135,8.0
2480,94.0
7194,0.0
4151,0.0
5485,0.0
4083,96.0
4510,96.0
938,10.0
9356,0.0
9181,96.0
755,93.0
9357,0.0
10406,0.0
5957,98.0
712,5.0
4178,97.0
9764,8.0
1946,0.0
565,99.0
8533,5.0
9967,6.0
10866,6.0
747,97.0
7653,0.0
4752,4.0
10716,0.0
10833,94.0
7662,2.0
6825,98.0
10261,98.0
10386,2.0
4878,97.0
8618,0.0
9941,4.0
6724,88.0
4723,0.0
1948,100.0
7008,10.0
1126,100.0
1349,4.0
8844,3.0
1799,0.0
3471,18.0
8800,4.0
5412,2.0
10505,99.0
4880,97.0
1269,0.0
4265,20.0
1324,96.0
4218,0.0
7495,0.0
4534,97.0
8206,4.0
932,4.0
10842,98.0
8447,5.0
6992,99.0
4273,12.0
3530,2.0
2562,95.0
7596,0.0
4615,2.0
4055,12.0
8275,100.0
10383,6.0
5975,99.0
8334,0.0
2911,2.0
6097,12.0
5415,97.0
6658,0.0
3551,99.0
5155,4.0
516,8.0
2826,91.0
3245,0.0
2170,97.0
9267,0.0
7859,12.0
3299,0.0
3373,100.0
7955,10.0
233,7.0
969,0.0
7867,10.0
6458,28.0
1356,97.0
5521,5.0
887,10.0
5879,0.0
5877,97.0
6559,8.0
10926,0.0
860,0.0
1884,0.0
763,99.0
2199,4.0
4886,8.0
2320,95.0
6516,0.0
5107,96.0
10727,0.0
8685,0.0
4769,95.0
6800,94.0
589,5.0
4797,0.0
7818,99.0
77,100.0
6505,0.0
2639,4.0
7693,98.0
3470,0.0
2363,6.0
4216,0.0
2249,2.0
3557,12.0
8256,95.0
4747,4.0
10292,99.0
5730,14.0
7923,0.0
3231,6.0
216,1.0
5684,0.0
5328,5.0
3820,0.0
393,0.0
27,6.0
8893,0.0
5573,6.0
8671,6.0
9529,98.0
7593,13.0
9816,8.0
910,99.0
7212,0.0
10328,0.0
9044,97.0
1559,0.0
6764,93.0
7532,0.0
5101,97.0
9766,96.0
2290,97.0
7894,99.0
3431,0.0
2332,98.0
9503,97.0
564,97.0
8892,92.0
8942,0.0
970,0.0
5309,100.0
8186,97.0
9453,97.0
5010,96.0
9390,0.0
4177,100.0
6912,94.0
5403,6.0
4820,0.0
6223,92.0
9844,14.0
5124,100.0
4694,93.0
5959,0.0
998,0.0
3228,4.0
9774,4.0
505,4.0
654,97.0
8107,0.0
920,96.0
5685,0.0
1610,99.0
2789,0.0
1951,10.0
9417,95.0
7400,4.0
10878,2.0
3237,5.0
815,99.0
9204,0.0
8706,0.0
632,93.0
519,16.0
1725,97.0
1201,12.0
2343,10.0
3302,99.0
4863,6.0
8031,0.0
1376,8.0
5265,0.0
4571,0.0
6729,99.0
9652,95.0
2887,99.0
269,4.0
5146,14.0
8987,0.0
4934,96.0
10611,2.0
108,6.0
3478,4.0
10484,16.0
9096,91.0
3130,0.0
9250,99.0
2780,93.0
6383,0.0
3227,8.0
9871,0.0
8825,0.0
3207,18.0
5523,8.0
603,0.0
4790,7.0
6651,0.0
4910,99.0
2559,99.0
9712,97.0
6349,0.0
6335,92.0
439,100.0
610,8.0
6056,8.0
2856,94.0
2836,96.0
4244,0.0
10005,0.0
1355,12.0
3128,2.0
5090,97.0
7446,0.0
7633,0.0
6239,100.0
10575,100.0
7335,0.0
9951,4.0
7064,0.0
3590,96.0
1803,0.0
495,4.0
9109,98.0
5702,0.0
6957,96.0
2982,2.0
304,98.0
8179,100.0
677,0.0
4006,94.0
3577,0.0
7597,0.0
41,0.0
4372,0.0
1550,0.0
1265,0.0
5994,0.0
9210,94.0
6667,0.0
1664,0.0
7776,0.0
7173,2.0
6770,97.0
10849,97.0
9134,97.0
5138,8.0
345,99.0
6535,0.0
7111,98.0
7916,4.0
9348,0.0
8444,0.0
9264,0.0
8471,95.0
1718,94.0
3625,0.0
10108,94.0
7697,4.0
1924,98.0
8803,4.0
6791,93.0
329,96.0
6213,98.0
7845,30.0
3042,2.0
1963,99.0
3239,0.0
3273,96.0
9123,0.0
3798,98.0
10158,0.0
6517,0.0
3833,94.0
1852,10.0
6212,20.0
6152,4.0
6657,0.0
3847,98.0
2685,89.0
785,97.0
4619,3.0
2946,99.0
6669,100.0
3347,94.0
5114,97.0
8159,0.0
10853,9.0
9433,100.0
3423,0.0
8429,0.0
541,79.0
81,0.0
6075,99.0
6307,96.0
2740,94.0
5203,0.0
6129,4.0
4428,91.0
360,8.0
10029,0.0
8679,94.0
13,6.0
4224,0.0
6725,93.0
1611,98.0
2227,97.0
758,12.0
10308,26.0
4181,8.0
4768,10.0
3104,0.0
3276,97.0
967,0.0
4542,96.0
5595,4.0
10172,0.0
4074,99.0
1919,9.0
6073,94.0
3622,0.0
3487,0.0
3123,0.0
404,0.0
2689,93.0
5770,12.0
10917,0.0
10911,0.0
8126,97.0
6585,5.0
2936,0.0
4574,0.0
4530,100.0
1118,8.0
4812,0.0
9099,100.0
2742,4.0
10612,0.0
7964,98.0
3771,93.0
8009,10.0
9536,97.0
1373,96.0
6270,0.0
5676,0.0
6853,6.0
6418,0.0
8584,8.0
6365,4.0
8251,96.0
8761,92.0
4622,0.0
26,4.0
6546,100.0
1898,0.0
10436,0.0
5097,5.0
718,96.0
1026,98.0
4685,19.0
443,7.0
1478,96.0
8255,94.0
5028,0.0
9861,0.0
5831,93.0
2557,2.0
9048,97.0
1100,94.0
4871,94.0
9052,16.0
5882,97.0
9484,99.0
7201,8.0
820,95.0
751,28.0
3343,94.0
1926,0.0
8648,0.0
52,4.0
9374,0.0
5903,97.0
4117,0.0
10464,100.0
6560,95.0
5310,98.0
5183,6.0
5443,96.0
2313,94.0
9796,98.0
10508,0.0
55,10.0
7778,0.0
3078,6.0
2342,95.0
2367,6.0
7880,3.0
3708,99.0
6774,99.0
3016,0.0
2097,0.0
10620,0.0
7993,6.0
3935,0.0
10744,2.0
8778,10.0
6235,0.0
8553,6.0
7380,6.0
604,7.0
5824,2.0
4981,0.0
4869,100.0
3013,0.0
4565,0.0
3660,17.0
1687,0.0
6431,96.0
7209,99.0
10497,3.0
8026,0.0
1783,0.0
3531,95.0
3279,99.0
5196,0.0
9455,4.0
10573,99.0
796,96.0
251,16.0
6430,96.0
10827,10.0
9363,0.0
10143,96.0
10915,0.0
8508,0.0
1605,6.0
927,94.0
7672,0.0
10077,4.0
7394,0.0
9947,13.0
4699,99.0
5200,0.0
7544,97.0
6348,96.0
10751,14.0
4254,7.0
6077,97.0
7141,0.0
8055,0.0
10026,92.0
3507,94.0
3898,0.0
1649,98.0
4441,12.0
3378,6.0
396,0.0
6802,98.0
2206,4.0
9793,10.0
10392,94.0
506,18.0
9242,91.0
6345,97.0
3501,0.0
8965,0.0
948,96.0
1930,6.0
8460,100.0
2675,22.0
9186,10.0
7698,8.0
1774,0.0
6871,96.0
7207,5.0
5855,0.0
1212,99.0
7156,99.0
1011,0.0
1628,96.0
2462,0.0
3073,0.0
2303,18.0
3968,98.0
1261,0.0
1886,0.0
129,0.0
3939,0.0
1055,94.0
9428,92.0
111,0.0
7759,14.0
8062,4.0
7931,8.0
7479,98.0
2700,96.0
7628,0.0
1401,94.0
6950,97.0
9746,0.0
2971,10.0
3704,99.0
1302,96.0
3335,86.0
9984,8.0
7321,0.0
4125,0.0
1264,0.0
4894,4.0
3576,12.0
7356,9.0
7157,92.0
2110,7.0
10733,4.0
1395,0.0
9509,97.0
10568,0.0
6232,2.0
6346,98.0
10352,99.0
7714,0.0
10149,100.0
1513,95.0
4451,97.0
7163,100.0
9808,96.0
877,90.0
6589,5.0
2598,0.0
2298,6.0
10581,4.0
4082,2.0
7125,12.0
885,95.0
7300,0.0
491,0.0
1402,8.0
340,95.0
5239,96.0
823,99.0
493,2.0
8858,99.0
6472,100.0
8150,100.0
3643,4.0
8520,98.0
140,0.0
9473,99.0
2623,97.0
5899,8.0
8443,0.0
5346,0.0
3721,100.0
4021,98.0
4889,99.0
1001,8.0
7982,17.0
2629,96.0
2838,98.0
10453,6.0
3361,0.0
10635,0.0
2584,0.0
5013,100.0
7527,0.0
43,2.0
10875,0.0
448,95.0
271,97.0
4367,0.0
10587,5.0
512,0.0
6468,14.0
4990,0.0
9477,95.0
4364,0.0
4330,8.0
4094,100.0
6161,91.0
2846,97.0
4384,0.0
3140,0.0
4830,0.0
2951,100.0
513,4.0
7935,99.0
811,4.0
9768,6.0
6082,99.0
816,6.0
3310,99.0
10821,2.0
280,10.0
5941,8.0
9512,97.0
7422,0.0
7832,14.0
4972,0.0
3882,98.0
3902,14.0
7190,5.0
9381,0.0
3455,95.0
8087,8.0
6176,4.0
2913,4.0
4836,0.0
1244,0.0
6794,6.0
4159,100.0
10230,98.0
8364,6.0
8320,100.0
6685,8.0
5675,0.0
10056,0.0
10552,0.0
8502,100.0
1828,14.0
10156,94.0
1982,4.0
4915,0.0
10520,2.0
1780,0.0
6993,89.0
112,3.0
9893,0.0
1759,0.0
7256,6.0
7112,98.0
9641,97.0
971,0.0
9992,0.0
8477,0.0
1189,81.0
7161,98.0
10786,4.0
2442,0.0
4174,2.0
7709,8.0
3505,97.0
8455,95.0
8391,4.0
8914,0.0
3877,96.0
831,0.0
3963,0.0
10654,0.0
10197,0.0
8624,0.0
10809,6.0
5340,96.0
3259,0.0
4353,0.0
7660,0.0
107,10.0
6230,14.0
1227,99.0
8005,99.0
9232,24.0
2523,94.0
7340,99.0
2414,0.0
7549,0.0
3575,4.0
514,0.0
1726,96.0
9978,3.0
5775,13.0
9646,85.0
4730,96.0
2678,95.0
3705,95.0
1179,8.0
1965,9.0
1340,4.0
302,94.0
6490,0.0
10869,99.0
5946,0.0
5914,12.0
6090,4.0
311,0.0
6332,2.0
3735,10.0
8948,0.0
10446,2.0
2393,0.0
1589,5.0
6439,95.0
5193,0.0
5001,0.0
4739,90.0
3645,0.0
10239,90.0
10361,2.0
2431,2.0
3217,8.0
4690,99.0
9108,94.0
4357,0.0
3879,95.0
7950,98.0
2321,0.0
10360,93.0
4091,4.0
6645,0.0
10469,95.0
1967,98.0
75,100.0
10770,4.0
10757,0.0
10506,8.0
2802,89.0
3533,0.0
5667,93.0
4683,0.0
5937,4.0
4043,95.0
10514,22.0
6098,0.0
4045,4.0
3250,0.0
9894,6.0
6565,97.0
3212,0.0
2669,98.0
8716,2.0
987,0.0
10266,0.0
4281,8.0
102,8.0
1487,96.0
595,0.0
10456,97.0
5043,100.0
1902,0.0
1259,0.0
5780,98.0
8872,98.0
5552,2.0
5550,0.0
4621,4.0
1206,0.0
5750,4.0
1176,99.0
2258,9.0
10653,0.0
2505,97.0
949,0.0
6664,0.0
6539,8.0
2969,96.0
10937,0.0
2074,4.0
10732,4.0
834,96.0
9872,0.0
5242,12.0
6338,4.0
6287,95.0
7616,0.0
8182,95.0
8505,98.0
3340,94.0
9881,0.0
7392,2.0
4594,96.0
5289,0.0
9827,4.0
7462,0.0
1566,0.0
5466,0.0
3219,96.0
6111,0.0
3410,0.0
4249,0.0
10213,0.0
1910,0.0
1382,14.0
5736,4.0
6187,98.0
8600,5.0
6150,6.0
4152,0.0
5071,14.0
1678,0.0
10074,95.0
5401,96.0
6386,3.0
6771,2.0
8036,0.0
256,0.0
7753,0.0
3795,6.0
6244,93.0
8990,0.0
7999,0.0
5012,98.0
9434,97.0
663,0.0
8528,15.0
8744,0.0
3334,10.0
7534,0.0
3912,94.0
1717,97.0
9605,97.0
4815,0.0
9442,95.0
2793,95.0
1881,0.0
1098,97.0
1842,2.0
92,14.0
5027,14.0
908,8.0
2157,0.0
8295,18.0
1194,0.0
4927,97.0
1417,0.0
2327,0.0
2234,18.0
2705,0.0
209,94.0
5290,0.0
6782,8.0
4821,0.0
10407,0.0
1008,98.0
8212,0.0
1317,8.0
8247,94.0
3578,0.0
5956,0.0
2296,95.0
5185,98.0
1874,0.0
2314,6.0
1538,95.0
8022,0.0
8348,97.0
3186,15.0
8943,99.0
90,2.0
5223,0.0
2131,4.0
2171,5.0
2200,99.0
8677,6.0
7076,5.0
9543,8.0
2483,8.0
1366,98.0
1346,0.0
10119,95.0
2738,6.0
1147,98.0
7214,0.0
8386,2.0
10631,0.0
8833,7.0
10707,0.0
9887,0.0
9269,100.0
3870,98.0
7770,97.0
8093,0.0
4984,0.0
10756,8.0
294,90.0
6463,5.0
1677,0.0
2766,93.0
5210,0.0
7727,4.0
5075,93.0
9588,93.0
185,6.0
3424,0.0
1665,0.0
7834,98.0
1155,94.0
3768,4.0
1493,97.0
7279,0.0
2583,0.0
7388,8.0
1228,2.0
7339,100.0
9167,4.0
7198,0.0
5392,92.0
4823,0.0
3589,4.0
5518,4.0
10283,0.0
3407,0.0
7580,3.0
10752,0.0
5044,4.0
5105,93.0
10644,0.0
1229,98.0
1969,5.0
435,100.0
9874,0.0
6364,99.0
6528,93.0
9761,0.0
2137,0.0
3793,96.0
6958,93.0
8008,86.0
6768,0.0
2317,4.0
5779,96.0
8398,4.0
1683,0.0
8580,10.0
5613,0.0
9938,98.0
2657,7.0
4755,20.0
5716,99.0
3696,4.0
8282,93.0
8837,98.0
5147,8.0
9016,12.0
7688,0.0
5331,10.0
3166,0.0
5617,0.0
10268,0.0
708,99.0
4240,2.0
8978,0.0
2470,0.0
5961,6.0
179,0.0
4268,6.0
8605,2.0
8609,0.0
9697,4.0
5391,90.0
10637,0.0
3249,0.0
741,0.0
73,0.0
338,4.0
2361,8.0
9950,21.0
7001,4.0
10237,92.0
2203,0.0
3964,0.0
5313,100.0
10848,99.0
7642,0.0
6196,2.0
10750,14.0
2979,99.0
9820,16.0
3050,98.0
8824,23.0
1897,0.0
10113,96.0
1081,0.0
4729,0.0
9359,0.0
5948,8.0
10477,4.0
6326,99.0
3671,96.0
4275,0.0
4595,90.0
2247,97.0
82,2.0
10814,4.0
878,0.0
5263,0.0
5786,0.0
1341,4.0
3388,6.0
4497,94.0
760,91.0
1357,0.0
7783,6.0
3095,0.0
5089,5.0
2094,10.0
7442,0.0
3179,6.0
10222,96.0
5371,79.0
9659,0.0
7641,0.0
320,4.0
849,96.0
10621,0.0
2786,3.0
1444,96.0
9899,100.0
2029,0.0
4936,96.0
3984,96.0
4472,95.0
5251,4.0
8994,0.0
6342,12.0
6000,0.0
10773,4.0
2513,4.0
4162,100.0
375,0.0
9920,6.0
10887,0.0
3528,97.0
10198,0.0
9219,98.0
6425,91.0
1507,98.0
3169,0.0
373,0.0
6721,0.0
7084,98.0
4986,0.0
4433,2.0
10177,0.0
1326,96.0
6499,0.0
3860,98.0
1580,0.0
4193,0.0
9848,0.0
3251,0.0
10519,13.0
2638,97.0
9908,0.0
4296,98.0
130,0.0
1636,93.0
8154,99.0
5220,0.0
7652,6.0
7074,94.0
371,0.0
5885,84.0
2117,24.0
1821,6.0
882,3.0
4328,2.0
8570,98.0
5510,7.0
433,14.0
10223,99.0
7139,88.0
6446,96.0
1592,97.0
5240,17.0
4269,0.0
3728,93.0
3864,97.0
1877,0.0
2655,4.0
7393,5.0
9007,0.0
6363,4.0
4113,0.0
4213,0.0
368,0.0
7464,0.0
3437,0.0
10771,22.0
9854,0.0
7624,0.0
6118,4.0
5945,4.0
6120,0.0
2894,96.0
9858,0.0
240,98.0
7129,94.0
10336,0.0
543,20.0
6948,95.0
1460,20.0
1904,0.0
4649,0.0
363,0.0
7115,99.0
7211,0.0
2087,6.0
2989,0.0
6933,96.0
10183,0.0
4452,89.0
10276,96.0
3608,22.0
3985,96.0
3348,98.0
2084,21.0
6787,6.0
2515,12.0
3005,0.0
1182,95.0
10629,0.0
3600,96.0
4746,2.0
9526,0.0
6704,95.0
1230,100.0
2781,96.0
10534,0.0
9727,0.0
10243,96.0
3947,0.0
3493,98.0
961,0.0
3314,6.0
1165,93.0
1307,97.0
2994,0.0
5710,0.0
1576,0.0
3743,94.0
5581,96.0
3835,14.0
1859,4.0
4355,0.0
770,0.0
3941,0.0
6593,4.0
4211,0.0
5913,4.0
9787,94.0
958,0.0
10154,0.0
7499,0.0
3819,10.0
6422,93.0
8249,97.0
3301,96.0
1436,6.0
3959,0.0
4532,99.0
1058,11.0
6980,97.0
7506,0.0
60,9.0
6174,12.0
4879,93.0
35,4.0
7316,0.0
5747,4.0
7455,0.0
5157,6.0
10502,0.0
8178,0.0
9393,0.0
6195,98.0
4362,0.0
3258,0.0
5682,0.0
6065,94.0
7460,0.0
9711,97.0
374,0.0
8927,1.0
10040,96.0
2597,0.0
4081,0.0
9080,96.0
7117,98.0
8687,17.0
8773,5.0
4200,0.0
9326,0.0
8405,6.0
1065,10.0
3294,98.0
4844,0.0
3797,0.0
5128,6.0
1005,0.0
5692,0.0
7825,4.0
5597,95.0
4050,96.0
3967,99.0
6016,0.0
8379,4.0
10014,96.0
2016,2.0
6942,92.0
3385,0.0
1632,96.0
5719,9.0
1308,0.0
10333,2.0
1782,0.0
2423,95.0
1656,99.0
9317,99.0
8638,0.0
2275,96.0
4561,0.0
7364,0.0
10923,0.0
3048,10.0
1682,0.0
6411,0.0
2801,20.0
3216,14.0
2582,0.0
244,12.0
6389,95.0
6836,0.0
7485,2.0
3550,98.0
5324,0.0
10246,6.0
1660,0.0
5727,6.0
7782,0.0
6916,0.0
9490,0.0
1675,0.0
5504,98.0
2353,4.0
3996,96.0
6906,4.0
612,0.0
9600,95.0
2475,0.0
8566,10.0
10345,6.0
5782,8.0
3063,4.0
6823,95.0
1187,99.0
6219,4.0
2128,0.0
237,98.0
1345,90.0
2322,93.0
7088,8.0
9411,94.0
1777,0.0
9691,0.0
7210,4.0
7889,2.0
2392,0.0
5042,99.0
7813,96.0
5728,14.0
7582,100.0
8703,8.0
1614,4.0
6092,98.0
1624,10.0
9980,2.0
6189,16.0
3164,0.0
7414,0.0
5704,0.0
10295,99.0
8143,92.0
78,2.0
6035,0.0
2318,98.0
2875,96.0
4410,10.0
3400,96.0
9104,97.0
7952,95.0
3479,8.0
8890,0.0
2387,100.0
4563,90.0
364,0.0
9346,0.0
5441,97.0
1361,98.0
10521,4.0
10437,0.0
9835,100.0
5621,0.0
5131,98.0
10060,96.0
8276,91.0
79,5.0
7910,4.0
7233,4.0
8855,0.0
5536,5.0
325,0.0
5016,22.0
1441,100.0
10373,99.0
10651,0.0
1131,2.0
9001,98.0
1511,98.0
7341,14.0
3106,0.0
2594,0.0
657,94.0
3071,11.0
5539,100.0
10810,98.0
9051,8.0
1384,0.0
10395,94.0
10095,98.0
4941,96.0
9026,20.0
2928,2.0
1615,6.0
3357,92.0
214,0.0
132,4.0
3088,94.0
6518,0.0
3468,96.0
8147,94.0
449,6.0
10724,0.0
700,0.0
8296,4.0
7229,0.0
524,4.0
9295,6.0
1822,6.0
1416,95.0
166,0.0
3309,2.0
7763,8.0
6759,98.0
5306,14.0
4601,97.0
2556,12.0
3384,4.0
5838,99.0
8588,0.0
626,95.0
4792,4.0
3998,8.0
9140,0.0
762,90.0
6408,0.0
5480,0.0
6325,97.0
9636,99.0
6991,99.0
6928,97.0
4040,95.0
5498,4.0
646,12.0
5534,5.0
7803,95.0
1883,0.0
4868,0.0
8088,98.0
9233,4.0
4148,0.0
2599,0.0
2823,95.0
2350,4.0
5472,0.0
5218,0.0
7138,97.0
5132,100.0
2287,3.0
6242,95.0
2828,97.0
10537,0.0
4208,0.0
184,12.0
6614,96.0
4058,96.0
1170,97.0
2490,4.0
8059,0.0
5803,4.0
1712,0.0
9371,0.0
2130,10.0
2533,94.0
8590,2.0
1292,10.0
3662,94.0
3972,6.0
8020,0.0
3459,97.0
9824,4.0
3097,3.0
7301,0.0
9482,95.0
6515,0.0
5840,99.0
6233,0.0
6183,99.0
2310,10.0
902,99.0
3749,99.0
572,93.0
10954,0.0
4546,6.0
8805,98.0
7079,98.0
3367,97.0
7435,0.0
10704,0.0
5631,13.0
9622,6.0
6744,0.0
10068,95.0
4453,98.0
4705,97.0
2743,3.0
10874,92.0
4379,0.0
8072,5.0
8076,95.0
6896,8.0
10286,95.0
4471,97.0
3526,98.0
10799,4.0
3116,14.0
3953,0.0
10131,7.0
1322,100.0
9318,95.0
1528,94.0
4826,0.0
5488,97.0
3878,98.0
1112,97.0
1409,96.0
3138,4.0
10714,0.0
7838,92.0
7336,4.0
7012,12.0
4479,6.0
7407,3.0
7775,95.0
2590,0.0
9695,98.0
2539,10.0
1321,100.0
9426,98.0
5673,0.0
1630,8.0
6461,0.0
124,12.0
2635,4.0
7019,98.0
4757,8.0
9990,100.0
6676,4.0
3103,0.0
2711,0.0
6057,16.0
4327,12.0
8145,1.0
4998,0.0
10347,97.0
766,4.0
1410,18.0
10447,5.0
1746,98.0
7009,98.0
6246,94.0
8630,0.0
4518,98.0
7022,0.0
7240,0.0
6820,99.0
10067,100.0
2139,0.0
8991,0.0
5967,0.0
6104,98.0
627,97.0
4592,2.0
9372,0.0
1617,98.0
9976,7.0
1891,0.0
8983,0.0
6654,0.0
8200,0.0
7487,0.0
10783,8.0
2277,98.0
10118,99.0
8610,0.0
7375,4.0
8935,0.0
5311,95.0
3594,94.0
8122,97.0
10103,99.0
5266,0.0
6705,94.0
7097,0.0
825,4.0
7936,4.0
10449,5.0
117,0.0
7765,0.0
9674,97.0
10098,8.0
2372,4.0
4670,0.0
3800,93.0
1025,100.0
6558,99.0
593,14.0
10315,96.0
10522,3.0
2023,2.0
9300,97.0
7323,0.0
2509,0.0
9991,98.0
1509,95.0
128,7.0
10718,0.0
2438,0.0
8596,97.0
8343,91.0
2024,98.0
6491,0.0
62,2.0
6433,11.0
2545,98.0
7558,8.0
7327,18.0
10896,0.0
9769,95.0
3633,0.0
4333,98.0
3677,8.0
223,4.0
10784,0.0
121,6.0
6733,90.0
4290,4.0
2284,98.0
8374,12.0
10677,100.0
4486,93.0
9161,18.0
8820,10.0
5642,20.0
4766,96.0
7501,0.0
10491,6.0
10856,3.0
9558,4.0
8807,100.0
5383,96.0
267,0.0
3974,98.0
1933,100.0
3191,8.0
1808,0.0
7821,96.0
8418,0.0
7875,0.0
6510,0.0
5605,6.0
6828,0.0
2069,10.0
4967,95.0
2099,5.0
9379,0.0
2964,11.0
5852,2.0
4804,0.0
0,6.0
285,95.0
7720,14.0
9113,100.0
10553,0.0
1609,97.0
5909,6.0
2355,18.0
7386,4.0
100,96.0
9115,0.0
9595,89.0
9121,6.0
4264,8.0
5737,4.0
4109,0.0
9739,0.0
8810,97.0
9285,18.0
4187,0.0
613,92.0
9078,8.0
7427,0.0
8970,0.0
9832,8.0
6449,87.0
3253,0.0
2904,99.0
10820,6.0
28,97.0
5619,0.0
5163,8.0
3281,4.0
3605,100.0
6008,0.0
6635,0.0
8267,94.0
4612,97.0
5406,95.0
4079,98.0
10196,0.0
6254,15.0
9777,0.0
9710,0.0
6438,95.0
9265,0.0
2692,93.0
1800,0.0
2821,95.0
4243,0.0
3405,95.0
5697,0.0
8170,98.0
8044,0.0
5720,99.0
116,4.0
7971,0.0
10032,98.0
5278,0.0
8530,0.0
1974,97.0
7304,0.0
8946,0.0
8034,0.0
1939,11.0
674,0.0
3512,100.0
9394,0.0
7739,100.0
4261,0.0
8617,0.0
3716,6.0
8857,92.0
351,0.0
8640,0.0
8902,96.0
7186,2.0
1925,4.0
1222,7.0
3923,0.0
5246,3.0
388,0.0
3548,97.0
1338,0.0
4851,97.0
6283,13.0
4548,98.0
5291,0.0
3206,0.0
9801,95.0
9023,8.0
7247,0.0
5047,4.0
8779,2.0
3419,0.0
6541,12.0
1735,99.0
8064,4.0
10939,0.0
3192,97.0
9199,91.0
8593,98.0
6103,9.0
1254,0.0
6574,9.0
21,96.0
9498,100.0
6911,6.0
8430,0.0
3108,2.0
3666,97.0
8864,2.0
10789,8.0
6038,0.0
9038,95.0
4791,0.0
101,97.0
9546,95.0
10764,2.0
3452,12.0
9062,96.0
3687,2.0
8157,96.0
605,0.0
4931,98.0
4999,0.0
4724,95.0
3869,98.0
9095,99.0
7829,91.0
1748,97.0
7846,30.0
3311,4.0
6845,91.0
2052,6.0
4048,95.0
7459,0.0
2758,0.0
10927,0.0
7289,0.0
8889,0.0
1180,95.0
6875,98.0
4721,0.0
9355,0.0
2174,8.0
5577,100.0
9283,8.0
9041,0.0
9963,0.0
3809,0.0
4877,97.0
3746,99.0
7795,100.0
8798,18.0
8367,94.0
7677,0.0
2464,0.0
8293,95.0
9436,96.0
8934,0.0
8527,2.0
7283,0.0
5802,1.0
2882,94.0
3293,7.0
4691,99.0
2988,97.0
6311,4.0
5535,94.0
7854,14.0
5639,93.0
4703,98.0
6030,0.0
4044,0.0
3467,95.0
4737,93.0
6960,0.0
9661,4.0
1839,96.0
3124,6.0
8653,0.0
1563,0.0
10169,0.0
3291,95.0
6730,100.0
4516,98.0
8931,0.0
9631,97.0
7374,6.0
7667,0.0
498,0.0
3946,0.0
376,0.0
9402,95.0
5038,93.0
405,0.0
3779,4.0
2468,94.0
94,12.0
3205,8.0
10415,0.0
6835,0.0
10043,93.0
828,32.0
4525,18.0
5986,98.0
6599,99.0
6177,8.0
6863,8.0
6996,0.0
8536,97.0
2684,2.0
2548,24.0
692,0.0
7529,0.0
8193,98.0
9775,97.0
1708,0.0
7645,0.0
10215,0.0
2004,0.0
1132,7.0
10721,0.0
2305,2.0
5344,0.0
8788,99.0
8021,0.0
6247,11.0
3396,0.0
7789,92.0
10455,2.0
1732,98.0
9352,0.0
6997,4.0
2121,90.0
607,4.0
1672,0.0
10729,0.0
1972,0.0
4462,8.0
10490,12.0
737,91.0
4123,0.0
6981,97.0
7453,0.0
4777,94.0
7034,0.0
5347,2.0
4100,1.0
9030,0.0
293,98.0
8891,96.0
4904,4.0
7297,0.0
3970,96.0
10633,0.0
7397,0.0
10889,95.0
5764,29.0
1964,96.0
10468,4.0
8011,100.0
3442,93.0
5395,97.0
10062,6.0
2388,2.0
2672,16.0
3517,97.0
2503,94.0
3989,99.0
4000,95.0
63,0.0
1385,34.0
4334,8.0
651,8.0
1968,10.0
113,0.0
3025,0.0
5445,99.0
805,0.0
5653,6.0
8770,8.0
5931,2.0
8319,92.0
3332,18.0
7153,95.0
8054,0.0
10845,10.0
3794,12.0
10660,0.0
9593,97.0
852,97.0
10684,98.0
6839,93.0
3058,4.0
2666,12.0
4951,98.0
2680,96.0
3894,96.0
5492,2.0
2978,10.0
1054,4.0
7522,0.0
8346,95.0
7735,98.0
5663,0.0
10585,0.0
2354,4.0
2661,94.0
1029,96.0
8473,0.0
2712,4.0
3822,0.0
7027,0.0
3129,93.0
5594,100.0
9672,97.0
7378,100.0
7943,0.0
5897,22.0
8016,0.0
8697,4.0
904,4.0
2041,0.0
9866,0.0
3752,95.0
8743,0.0
1863,2.0
1806,0.0
7469,0.0
10858,6.0
946,14.0
4260,6.0
9884,0.0
2108,5.0
10864,6.0
5611,0.0
8642,0.0
942,4.0
6931,12.0
1021,0.0
9725,0.0
1848,14.0
3899,0.0
438,100.0
5411,4.0
4883,97.0
740,4.0
7602,0.0
5103,97.0
587,94.0
2990,0.0
4445,4.0
6568,8.0
9221,96.0
5260,0.0
10868,0.0
5638,100.0
6798,94.0
574,97.0
648,99.0
596,98.0
7035,0.0
5348,95.0
3397,100.0
7445,0.0
9501,97.0
4567,10.0
7595,2.0
8474,0.0
5029,96.0
733,8.0
10102,90.0
5241,0.0
5714,95.0
3086,98.0
9304,99.0
6600,99.0
4681,0.0
2196,99.0
8353,97.0
2799,2.0
6012,0.0
9145,0.0
9524,92.0
9412,98.0
5312,4.0
6773,0.0
7705,4.0
8799,0.0
8357,98.0
6251,0.0
1041,4.0
8151,100.0
3969,0.0
6762,92.0
8402,0.0
3613,6.0
330,97.0
2547,2.0
1430,8.0
6238,0.0
434,0.0
5204,0.0
6188,94.0
9053,4.0
4371,0.0
968,0.0
6855,0.0
424,95.0
6236,0.0
4653,0.0
9101,96.0
6214,100.0
2563,4.0
4606,97.0
4318,4.0
5394,100.0
8339,96.0
3362,3.0
1778,0.0
5150,98.0
5919,97.0
3187,14.0
8701,4.0
8040,0.0
4420,20.0
9754,0.0
2853,92.0
6005,0.0
169,0.0
3420,0.0
9585,91.0
10451,98.0
6274,4.0
10431,0.0
137,0.0
5375,89.0
895,0.0
8390,0.0
1484,93.0
1793,0.0
6181,99.0
4864,0.0
6178,24.0
5209,0.0
10865,4.0
10583,5.0
5182,0.0
1448,4.0
200,4.0
1824,97.0
9989,4.0
6067,95.0
8923,8.0
3887,12.0
8068,12.0
2122,10.0
808,4.0
5662,2.0
2998,0.0
1199,97.0
4404,8.0
9014,96.0
1242,0.0
4052,0.0
8963,0.0
624,15.0
1163,0.0
6357,16.0
7180,90.0
2604,0.0
2776,99.0
3782,93.0
5847,20.0
6119,0.0
1741,95.0
2283,90.0
7940,0.0
5104,11.0
8217,100.0
8409,4.0
10104,95.0
5250,6.0
3422,0.0
4263,8.0
208,96.0
2323,97.0
6186,34.0
592,2.0
5273,0.0
1721,100.0
1864,98.0
8718,0.0
10529,0.0
470,98.0
5447,6.0
6266,11.0
5628,3.0
929,0.0
10090,2.0
2722,98.0
9662,4.0
2935,97.0
1914,0.0
957,0.0
9681,0.0
25,4.0
1135,0.0
10391,11.0
5022,98.0
3225,4.0
9745,0.0
4940,94.0
9839,20.0
2938,88.0
3534,97.0
5117,85.0
10381,8.0
4846,0.0
8132,0.0
8033,0.0
3855,98.0
7998,0.0
7149,93.0
10565,0.0
8373,8.0
5369,97.0
6595,16.0
1435,92.0
3913,97.0
3092,6.0
2345,100.0
5996,0.0
8287,2.0
771,0.0
8830,94.0
10730,0.0
2493,95.0
1209,16.0
5295,7.0
8468,4.0
6951,96.0
1153,96.0
5303,100.0
308,6.0
10253,12.0
4183,3.0
6923,0.0
7205,9.0
6927,95.0
5532,2.0
2611,0.0
4306,14.0
7317,0.0
2788,96.0
6739,97.0
10181,0.0
9124,99.0
7743,2.0
6243,100.0
6522,0.0
5820,97.0
6168,23.0
3456,93.0
2419,92.0
10625,0.0
8394,0.0
10217,2.0
4465,100.0
974,0.0
1635,93.0
2436,0.0
9009,5.0
10148,99.0
3763,95.0
6002,0.0
8449,97.0
7366,98.0
7264,14.0
1473,8.0
5796,2.0
9798,92.0
8753,0.0
4470,97.0
2958,8.0
7099,96.0
1685,0.0
9360,0.0
3919,96.0
9397,6.0
7013,98.0
5252,4.0
1072,8.0
7109,96.0
4421,0.0
2252,4.0
10876,5.0
2957,8.0
9782,99.0
2660,95.0
10640,0.0
4188,0.0
7251,4.0
8623,0.0
10299,3.0
4354,0.0
4985,0.0
1642,0.0
8949,0.0
3561,0.0
3623,0.0
6022,0.0
7222,8.0
10150,99.0
10907,100.0
10370,98.0
8995,0.0
6173,8.0
1208,94.0
8344,95.0
2293,0.0
715,99.0
6688,6.0
8737,96.0
4736,97.0
2746,12.0
3338,96.0
7457,0.0
8616,0.0
3220,0.0
660,100.0
798,18.0
756,97.0
10202,0.0
8292,20.0
2497,94.0
7600,0.0
1872,0.0
2047,2.0
7878,0.0
4852,97.0
5073,95.0
2164,0.0
6037,2.0
6922,96.0
6217,0.0
538,91.0
9895,97.0
2898,98.0
7769,30.0
2223,22.0
10329,98.0
2600,0.0
706,97.0
3469,2.0
6745,93.0
5875,94.0
4374,0.0
7892,6.0
9226,97.0
4860,6.0
3265,95.0
9847,0.0
10802,0.0
2733,0.0
